"__mclCluster","EnrichmentMap::-log10(pvalue) (A2_enrichment)","EnrichmentMap::-log10(pvalue)*sign(NES) (A2_enrichment)","EnrichmentMap::-log10(pvalue)_max","EnrichmentMap::Colouring (A2_enrichment)","EnrichmentMap::Dataset_Chart","EnrichmentMap::ES (A2_enrichment)","EnrichmentMap::fdr_qvalue (A2_enrichment)","EnrichmentMap::fwer_qvalue (A2_enrichment)","EnrichmentMap::Genes","EnrichmentMap::GS_DESCR","EnrichmentMap::gs_size","EnrichmentMap::GS_Type","EnrichmentMap::Name","EnrichmentMap::NES (A2_enrichment)","EnrichmentMap::pvalue (A2_enrichment)","name","NumChildren","NumDescendents","selected","shared name"
"23","2.7511997851694794","2.7511997851694794","2.7511997851694794","1.0","1","0.7583","0.0041","0.201","SRP19|RYR2|TRAM1|ARL6IP1|ZFAND2A|ZFAND2B|SRP54|SRP14|SEC61A2|BAG6|SEC61A1|SRP72|SEC61G|SSR1|MAN1A1|SEC61B|SEC62|SIL1|GET4|SEC63|UBL4A|SGTB|HSPA5|EDEM1|SSR2|SGTA|SRP68|SRP9|RAB10|SPCS3|SPCS2|SPCS1|SRPRA|CHMP4B|SRPRB|RAB3GAP2|CHMP4A|RAB3GAP1","targeting establishment cotranslational","38","ENR","PROTEIN TARGETING TO ER%GOBP%GO:0045047,ESTABLISHMENT OF PROTEIN LOCALIZATION TO ENDOPLASMIC RETICULUM%GOBP%GO:0072599,COTRANSLATIONAL PROTEIN TARGETING TO MEMBRANE%GOBP%GO:0006613","2.0692","0.0",,"0","0","false",
"24","2.886056647693163","2.886056647693163","2.886056647693163","1.0","1","0.5315","0.0382","1.0","PAGE4|ATF2|RIPOR1|EHMT2|HFE|YARS1|ZFYVE1|RRP8|ZFP36|SESN3|KAT5|SESN1|LAMP2|ZC3H12A|SESN2|PDK4|FADS1|MAP3K5|MFSD2A|SH3GLB1|GABARAPL3|GABARAPL2|GABARAPL1|SZT2|TSC2|TSC1|BHLHA15|CARTPT|ATG14|RRAGA|SFRP1|RRAGC|RRAGB|LARS1|RRAGD|ULK3|YME1L1|ULK2|NUPR2|ULK1|PRKD1|TP53|XPR1|ATF4|SAMTOR|SEH1L|MTMR3|SAR1A|SAR1B|NPRL2|NPRL3|CLEC16A|PIK3R4|FOXO3|GABARAP|FOXO1|ATXN3|NUAK2|LARP1|PMAIP1|GAS2L1|PCK1|HCRT|ATG7|PPARGC1A|GCN1|ATG5|PCK2|HSPA8|XBP1|WDR59|HSPA5|EIF2AK1|EIF2AK3|EIF2AK2|ASNS|DELE1|INHBB|EIF2AK4|EIF2S1|TBL2|STK24|STK26|ALB|JMY|MCU|CPEB4|CDKN1A|BMPR2|LRRK2|SUV39H1|PRKAG1|PCSK9|PRKAG2|WDR45|PRKAG3|RPTOR|FLCN|MAP1LC3B|MAP1LC3A|MAP1LC3C|RNF152|YWHAG|KLF10|SREBF1|BCAS3|MIOS|TFEB|WIPI1|PEX2|WIPI2|SIRT1|YWHAZ|ITFG2|SREBF2|ELAPOR1|GIP|RNF167|SMDT1|IMPACT|TBC1D5|TBC1D7|PLIN3|PICK1|PLIN2|PIK3C3|PPARA|MICU1|DEPDC5|KPTN|BECN1|PRKAA1|PRKAA2|WDR45B|BECN2|FOXK2|FOXK1|WDR24|MAPK8|PAK1|WRN|IFI16|MAPK1|PAK6|PAK3|HNRNPA1|FNIP1|PAK2|GPR155|PAK5|PAK4|MAPK3|GCGR|KICS2|MAP1LC3B2|AKR1C3|CASTOR1|MTOR|MYBBP1A|TTC5|VPS41|FAS|TRIM32|GALP","cellular response starvation","164","ENR","CELLULAR RESPONSE TO STARVATION%GOBP%GO:0009267,RESPONSE TO STARVATION%GOBP%GO:0042594","1.8391","0.0",,"0","0","false",
"25","2.6709943016714437","2.6709943016714437","2.6709943016714437","1.0","1","0.8128","0.0274","0.992","CSF3|IL1RN|CNTF|CSF2|CSF1|EPO|CCL4L2|CXCL17|AHR|CXCL13|TNF|CXCL14|IF2D|IL-21|CXCL16|IF2G|PYCARD|IL36A|IL36B|IL12B|IL12A|IFNA13|IFNA14|IFNA16|IFNA17|IL23A|IFNA10|PTGES|CCL3L3|EBI3|NLRP3|IL36RN|IFNA21|TGFB1|TSLP|IF1AA9|TNFSF13|LIF|IL36G|PPBP|IL2|NFKB1|IFNW1|IL1F10|IL4|IL3|CXCL11|IL6|IL5|CXCL12|IL7|IL9|KLRD1|IF2B1|CXCL6|IFNA4|CXCL9|CXCL8|IFNA6|IL25|IFNA1|IL24|IF1IB1|IFNA2|IL27|CXCL1|CXCL3|CXCL2|AREG|IFNA8|CX3CL1|CXCL5|PF4V1|CCR2|IL10|IL11|IL15|IL13|MMP3|IL18|IL19|MMP9|IL1A|IFNG|IL1B|LTA|XCL2|IFNK|IRF7|XCL1|CCL14|PTGER4|CCL13|CTF1|CCL11|PTGER2|IFNL2|CCL8|CCL7|CCL5|CCL4|SPP1|CCL3|CCL2|TNLG7A|CCL1|CCL19|CCL18|IFNL3|CCL17|CCL16|CCL15|CCL25|CCL24|IL33|CCL23|IL31|CCL22|CCL21|IL37|IFNB1|CCL20|OSM|VEGFA|IL17F|IL17D|IL17C|CCL28|CCL27|IL17B|PF4|CCL26|IL17A","overview proinflammatory profibrotic","133","ENR","OVERVIEW OF PROINFLAMMATORY AND PROFIBROTIC MEDIATORS%WIKIPATHWAYS_20250810%WP5095%HOMO SAPIENS,PROSTAGLANDIN SIGNALING%WIKIPATHWAYS_20250810%WP5088%HOMO SAPIENS","1.8796","0.0",,"0","0","false",
"26","2.886056647693163","2.886056647693163","2.886056647693163","1.0","1","0.7409","0.0127","0.783","PRDM8|CTNND1|BHLHE22|CDH8|ZC3H12A|CTNNA1|CDH24|HOXC8|JUP|FOXF1|ADAM33|SOX10|TNRC6C|ADAM19|HEYL|MOV10|ZEB2|ILF3|AGO3|SP1|AGO4|AGO1|AGO2|CDH11|SNAI1|CTNNB1|ANGPTL4|TNRC6A|TNRC6B|CDH19","expression function cadherins","30","ENR","REGULATION OF EXPRESSION AND FUNCTION OF TYPE II CLASSICAL CADHERINS%REACTOME%R-HSA-9764260.2,REGULATION OF CDH11 EXPRESSION AND FUNCTION%REACTOME DATABASE ID RELEASE 93%9759475","1.9597","0.0",,"0","0","false",
"27","2.886056647693163","-2.886056647693163","2.886056647693163","-1.0","1","-0.7041","0.0013","0.013","MYOM1|HEL113|TMP_LOCUS_29|HEL-S-273|TTN|ACTG1|TNNI1|TNNI2|TNNI3|DMD|HEL-S-108|MYBPC3|TMOD1|MYBPC1|MYBPC2|TPM4|ACTN3|TPM3|TMOD4|ACTN2|TPM2|TNNC1|TMOD3|TNNC2|TMOD2|TPM1|NEB|ACTN4|MYL4|ACTA2|ACTA1|DES|MYH3|TNNT1|MYL1|MYL2|TNNT2|TNNT3|MYL3|MYH8|TCAP|VIM|MYH6","striated muscle contraction","43","ENR","STRIATED MUSCLE CONTRACTION%REACTOME DATABASE ID RELEASE 93%390522,STRIATED MUSCLE CONTRACTION PATHWAY%WIKIPATHWAYS_20250810%WP383%HOMO SAPIENS","-2.1895","0.0",,"0","0","false",
"28","2.886056647693163","-2.886056647693163","2.886056647693163","-1.0","1","-0.6432","0.018","0.385","TUBAL3|ACTB|CCT6B|TUBA1C|TUBA3E|TUBB6|TUBA3D|TUBA1B|TUBA3C|TUBA1A|TUBB3|TUBB1|CCT8|CCT7|CCT5|CCT4|CCT3|CCT2|VBP1|TUBB4B|TUBB4A|TUBA4B|TUBA4A|CCT6A|TUBB2B|TUBB2A|TCP1|PFDN1|PFDN2|PFDN4|PFDN5|PFDN6|TUBA8","prefoldin cct tric","33","ENR","PREFOLDIN MEDIATED TRANSFER OF SUBSTRATE TO CCT TRIC%REACTOME DATABASE ID RELEASE 93%389957,COOPERATION OF PREFOLDIN AND TRIC CCT IN ACTIN AND TUBULIN FOLDING%REACTOME DATABASE ID RELEASE 93%389958","-1.9756","0.0",,"0","0","false",
"29","2.854982694318741","2.854982694318741","2.854982694318741","1.0","1","0.6748","0.0178","0.931","HEL-S-31|NRK|TRADD|TNFAIP3|TXN|TNF|PRKCZ|RELA|IKBKB|SMPD2|BAG4|CASP8|SMPD1|RACK1|RIPK1|FADD|IKBKG|RFFL|MAP2K7|MAP4K5|MAP3K7|MAP4K3|MAP3K5|MAP4K4|MAP2K3|MAP3K3|MAP4K2|PRKCI|MAP3K1|CHUK|STAT1|CAV1|TRAF2|TRAF1|TNFRSF1B|NFKB1|TNFRSF1A|CYLD|MAP3K7IP1|ADAM17|MADD|TAB2|TNIK|TAB1|SQSTM1|BIRC2|BIRC3|NSMAF","tnf receptor pathway","48","ENR","TNF RECEPTOR SIGNALING PATHWAY%PATHWAY INTERACTION DATABASE NCI-NATURE CURATED DATA%TNF RECEPTOR SIGNALING PATHWAY,PID_TNF_PATHWAY%MSIGDB_C2%PID_TNF_PATHWAY","1.9232","0.0",,"0","0","false",
"30","2.697347476929445","2.697347476929445","2.697347476929445","1.0","1","0.7378","0.0348","0.997","SCARB1|SERPINA3|SLC46A1|MTRR|CSF1|HBB|MTR|PLAT|HEL-S-78P|TNF|MPO|MCEE|FLAD1|FGA|CUBN|GPX2|GPX1|GPX4|GPX3|GPX6|IZUMO1R|HBA2|MAT1A|F2|F7|MTHFD1|IFNG|MTHFD2|IL1B|CRP|SHMT1|SAA4|PLG|RELA|INS|CBS|CCL5|CCL2|APOE|APOB|LDLR|SLC19A1|ABCA1|CBLIF|INSR|MTHFS|HEL-S-44|HEL-S-51E|NFKB1|IL2|NFKB2|DHFR|IL4|IL6|TCN2|TCN1|CTH|ALB|SAA1|SAA2|FOLR3|FOLR2|FOLR1","vitamin b12 folate","63","ENR","FOLATE METABOLISM%WIKIPATHWAYS_20250810%WP176%HOMO SAPIENS,VITAMIN B12 METABOLISM%WIKIPATHWAYS_20250810%WP1533%HOMO SAPIENS","1.8519","0.0",,"0","0","false",
"31","2.886056647693163","2.886056647693163","2.886056647693163","1.0","1","0.6686","0.0016","0.057","KEAP1|GCC1|MYC|FTH1|PDK4|IL12B|CYP1B1|IL12A|TNS4|JUNB|SULT2A1|SLC6A19|CPT1A|SLC6A18|SLC6A17|SLC6A16|SLC6A13|HEL126|SLC6A11|SLC5A6|SLC5A7|SLC5A8|SLC5A9|CDC37|CES8|CES3|CES2|EPHA3|EPHA2|CES1|ABCB1|HEL-S-10|MGST3|ABCB4|MGST1|TGFA|MGST2|TXN|SLC5A1|SLC6A20|ADH7|SLC5A2|SLC5A3|SLC5A4|SLC5A5|SULT1A1|HEL-S-128M|CYP2B6|HMOX1|PCK1|PPARGC1A|SLC19A2|GSTM4|GSTM3|EGR1|GSTM2|JUN|JUND|GSTM1|GADD45B|PLK2|SMARCA1|NR0B2|CDC2|SLC6A5|CYP2C9|SLC6A7|SLC6A8|SLC6A9|FASN|CYP1A2|CYP1A1|SNAI2|GSTM5|CPEB4|CDKN1C|SERPINA1|CDKN1B|SLC7A11|SLC6A1|SLC6A2|SLC6A3|EPB41L4B|FGF8A|ENC1|DNER|ANKRD1|ACADM|NCOA1|SLC2A14|IL11|FGFBP1|SERPINB2|EDN2|SLC2A11|SLC2A10|NCOA6|TSC22D3|SLC2A13|SLC2A12|MYOF|SLC39A11|SLC39A10|SLC39A13|SLC39A12|PTGR1|BAAT|SLC39A14|POU5F1|HEL-75|KAT2B|SLC7A5|B3GNT5|IL1B|CDC42EP3|AHRR|PMP2|ANGPTL4|MFGE8|HBEGF|NR1I1|NR1I3|AMIGO2|NR1I2|ABCB11|PTGS2|CYP7A1|EGFR|PTPA|FGD4|RXRA|SRPX2|GPR153|SERTAD2|CAP2|NQO1|CCL20|CAVIN2|PTGES3|STAT3|NR1H4|NR1H3|KLK15|CYP8B1|KTN1|FABP1|GSTA5|GSTA4|GPAM|GSTA3|IL17B|SLC27A1|AHR|NR3C1|TNF|RGS2|CCND1|SLC39A9|SLCO2B1|SLC39A6|SLC39A5|EP300|SLC39A8|SLC39A2|SLC39A1|SLC39A3|IGFBP1|ABCG8|ABCG5|HGF|AIP|ALDH3A1|SCNN1A|SQSTM1|SLC27A5|FKBP5|FTL|SLC26A2|ABHD2|BHLHB2|GSTT2|CYP2C19|AGER|FOXO1|SLCO1B1|PLTP|IP6K3|MGAM|TGFB1|DNAJC15|CYP4F12|IL2|NFKB2|SLC2A9|GCLC|SP1|CDK4|MAFG|MAFF|FGF13|GCLM|NFE2L2|ALAS1|HSP90AB1|SRXN1|SLC2A2|TNFAIP3|DBI|NR1C1|SLC2A3|SLC2A4|NR1C2|SLC2A6|SLC2A7|SLC2A8|THBD|ARL5B|ZIC2|CPT2|ME1|PDE4B|POLK|SRGN|ABCC3|GPX2|ABCC2|UGT1A1|GPX3|ABCC5|CYP4A11|APOA2|HEL-S-25|NRG1|HEL-S-22|SMC1A|APOA5|TGFBR2|TGFBR3|CYP2A6|IFNG|NAV3|DNAJC7|ACOX1|ADGRF4|EHHADH|UGT2B4|UGT2B7|BIRC2|BIRC3|SRC|SLC5A12|SLC5A10|CYP3A4|CYP3A7|PRRG4|DNAJB1|UGT1A4|STOM|CCL2|UGT1A3|HES1|UGT1A9|UGT1A7|PPP1R14C|APOC3|SCD|ALOX5AP|BAX|ACKR3|S100P|SPRY1","nuclear receptors meta","271","ENR","NUCLEAR RECEPTORS META PATHWAY%WIKIPATHWAYS_20250810%WP2882%HOMO SAPIENS,GLUCOCORTICOID RECEPTOR PATHWAY%WIKIPATHWAYS_20250810%WP2880%HOMO SAPIENS","2.1294","0.0",,"0","0","false",
"32","2.886056647693163","2.886056647693163","2.886056647693163","1.0","1","0.6955","0.0097","0.623","BRSK1|GSK3B|SMG1|ROCK1|TNKS|PRKDC|STK39|PRKX|STK4|AURKA|TTBK2|IKBKB|MAPK8|TBK1|NTMT1|TLK2|AKT1|PDK3|RIPK1|PCK1|SRPK2|MAP4K1|MORC3|MAP2K2|NEK6|PRKCD|LMTK2|MBOAT4|TNNI3K|TGFBR1|HIPK3|UHMK1|HIPK2|PIKFYVE|RPS6KB1|CDK2|MAP3K10|ATM|ULK1|CDK5R1","peptidyl serine phosphorylation","40","ENR","PEPTIDYL-SERINE MODIFICATION%GOBP%GO:0018209,PEPTIDYL-SERINE PHOSPHORYLATION%GOBP%GO:0018105","1.9875","0.0",,"0","0","false",
"11","2.7977661679222687","2.7977661679222687","2.7977661679222687","1.0","1","0.8281","0.0","0.0","UBXN1|UBXN2A|LRRK2|TXNDC12|PARK7|CLU|HERPUD1|UFL1|ATXN3L|OPA1|CREB3L1|NCK2|RACK1|AKT1|MAGEA3|BOK|NCK1|SHISA5|ATAD3A|ERN1|CREB3|SELENOS|TMEM33|TMEM259|TMX1|PIGBOS1|DDIT3|TMBIM6|NUPR1|ATF6|PPP1R15A|USP13|PRKN|USP14|PPP1R15B|FICD|ATF6B|PIK3R1|USP19|RNFT1|BAG6|ATXN3|BCL2L11|DDRGK1|ALOX5|AGR2|UBQLN1|DNAJB9|PMAIP1|BAK1|UBQLN2|BCAP31|PTPN1|USP25|XBP1|HSPA5|WFS1|NR1H2|CAV1|SGTA|SYVN1|EIF2AK3|DAB2IP|NR1H3|BFAR|ABCA7|SVIP|MANF|COPS5|LPCAT3|AQP11|BAX|STUB1|RNF183|FCGR2B|RNF185|MBTPS2|BCL2L1|NFE2L2|HSPA1A","stress reticulum endoplasmic","80","ENR","REGULATION OF RESPONSE TO ENDOPLASMIC RETICULUM STRESS%GOBP%GO:1905897,NEGATIVE REGULATION OF RESPONSE TO ENDOPLASMIC RETICULUM STRESS%GOBP%GO:1903573,REGULATION OF ENDOPLASMIC RETICULUM UNFOLDED PROTEIN RESPONSE%GOBP%GO:1900101,NEGATIVE REGULATION OF ENDOPLASMIC RETICULUM UNFOLDED PROTEIN RESPONSE%GOBP%GO:1900102,NEGATIVE REGULATION OF ENDOPLASMIC RETICULUM STRESS-INDUCED INTRINSIC APOPTOTIC SIGNALING PATHWAY%GOBP%GO:1902236,REGULATION OF ENDOPLASMIC RETICULUM STRESS-INDUCED INTRINSIC APOPTOTIC SIGNALING PATHWAY%GOBP%GO:1902235","2.3832","0.0",,"0","0","false",
"33","2.886056647693163","2.886056647693163","2.886056647693163","1.0","1","0.7671","0.0203","0.962","SLC22A4|SLC47A1|SLC43A2|SLC22A2|SLC1A1|SLC43A1|SLC1A2|SLC1A3|SLC3A1|SLC3A2|SLC1A4|SLC1A5|SLC7A11|SLC1A6|SLC6A20|SLC7A10|SLC7A1|SLC7A2|SLC7A3|SLC25A29|SLC38A3|SLC16A2|SLC36A4|SLC38A2|SLC38A5|SLC38A4|SLC36A1|SLC38A1|SLC6A19|SLC36A2|SLC6A18|SLC6A15|SLC6A14|SLC6A13|SLC6A12|SLC16A10|SLC6A5|SLC7A5|SLC6A6|TSPO2|SLC6A7|SLC7A6|SLC7A7|SLC7A8|SLC6A9|SLC7A9","amino plasma membrane","46","ENR","AMINO ACID IMPORT ACROSS PLASMA MEMBRANE%GOBP%GO:0089718,AMINO ACID TRANSPORT ACROSS THE PLASMA MEMBRANE%REACTOME%R-HSA-352230.5","1.9084","0.0",,"0","0","false",
"12","2.82798087342781","2.82798087342781","2.82798087342781","1.0","1","0.7606","0.0","0.0","ATF2|CRTC2|SLC46A1|SLC27A1|CRTC3|CRTC1|RORC|HNRNPU|CCNC|RORA|AHR|TNF|BACH1|CCND3|EP300|FADS1|SULT2A1|MED1|MEF2C|CPT1A|ACSL1|ADIPOQ|MED8|DIO2|EBF1|EBF2|MED9|MED4|MED6|MED7|TIAM2|TBL1XR1|TRIB3|CLOCK|PEX11A|ABCB4|LPL|LY96|NRF1|COX7A1|NPAS2|HELZ2|RAI1|MED30|MED31|PRDM16|HMOX1|PCK1|ZNF423|WNT1|APOB|PPARGC1A|PPARGC1B|FDFT1|ESRRA|ABCA1|SMAD1|WNT10B|CREBBP|EGR2|SMAD4|CDK19|TGFB1|CIDEA|NR2F2|NR1D1|BMP7|NFKB1|MED13L|CDK8|CDK4|SP1|CYP1A1|MAFK|RGL1|NFE2L2|ALAS1|CHD9|FHL2|MED19|ADIRF|HBB|CHD4|CHD3|SLC2A4|MED16|MED15|MED18|MED17|MED12|MED11|MED14|GLIPR1|MED13|XPO1|CPT2|SIN3A|MED10|ANKRD1|ME1|CD36|ACADM|HMGCS2|CLEC1B|NCOA1|NCOA2|SREBF1|HMGCS1|NCOA6|NCOA3|ELOVL3|CYP4A11|APOA2|APOA1|ARNT|HBA2|MED27|MED26|SIRT1|APOA5|MED29|SREBF2|MED28|MED23|NCOR2|MED22|MED25|MED24|NCOR1|THRAP3|MED21|ZNF638|MTF1|MED20|AHRR|PPARG|PLIN2|PLIN1|ANGPTL4|PPARA|TLR4|TNFRSF21|CEBPA|CEBPB|HDAC2|SMARCD3|HDAC3|CEBPD|HDAC1|UCP1|GPS2|CYP7A1|RELA|RXRB|MTA1|RXRA|PGRMC2|RBBP4|FAM120B|TGS1|NRIP1|TBL1X|RBBP7|MTA2|ZNF467|UGT1A9|MTA3|MEF2D|MBD3|ARNT2|NFYA|NFYB|NR1H2|TXNRD1|NFYC|NR1H4|G0S2|NR1H3|KLF4|GRHL1|GATAD2B|AGT|GATAD2A|FABP1|KLF5|FABP4|CARM1|LEP|BMAL1","rora nr1d1 rev","189","ENR","ADIPOGENESIS%REACTOME%R-HSA-9843745.1,HEME SIGNALING%REACTOME%R-HSA-9707616.4,RORA,B,C AND NR1D1 (REV-ERBA) REGULATE GENE EXPRESSION%REACTOME%R-HSA-9933387.1,PPARA ACTIVATES GENE EXPRESSION%REACTOME%R-HSA-1989781.6,REGULATION OF LIPID METABOLISM BY PPARALPHA%REACTOME%R-HSA-400206.8,TRANSCRIPTIONAL REGULATION OF WHITE ADIPOCYTE DIFFERENTIATION%REACTOME DATABASE ID RELEASE 93%381340","2.2739","0.0",,"0","0","false",
"34","2.886056647693163","2.886056647693163","2.886056647693163","1.0","1","0.5664","0.0358","0.999","PRF1|HNRNPU|CCAR2|GPR176|HTR7|NAMPT|PROK2|BTRC|PROK1|SKP1|UTS2R|CPT1A|METTL3|SOX14|CSNK1D|CSNK1E|CLDN4|SIK1|ATF5|TP53|CLOCK|ATF4|TPH2|TPH1|MAGED1|PRKDC|MYCBP2|MTTP|NKX2-1|PPARGC1A|NGFR|EGR1|JUN|EGR3|JUND|HOMER1|NR1D2|NR1D1|NR0B2|NR2F6|SETX|STAR|TH|ID2|HNRNPD|ID4|ID3|FBXL3|ADA|EZH2|TOP2A|SUV39H2|SUV39H1|KDM8|BHLHE41|PRMT5|NCOA2|KCND2|SFTPC|PAX4|SIRT6|PROX1|SIRT1|MC3R|F7|NCOR1|NFILZ|KCNMA1|PPARG|AVP|PPARA|PHLPP1|CIPC|ADCY1|TYMS|RELB|NPS|PROKR1|PROKR2|NFIL3|RPS27A|ARNT2|CAVIN3|HUWE1|PASD1|NR1H3|PPP1CA|PER2|PER1|PER3|MYBBP1A|GHRH|FAS|BMAL2|AGRP|GHRL|BMAL1|LGR4|CHRM1|CRTC1|NPY2R|RORC|RORA|UBE3A|AHR|RORB|PPP1CB|PPP1CC|EP300|NUDT12|CHRNB2|KDM2A|KCNH7|FBXW11|USP2|DYRK1A|CARTPT|SLC9A3|MTNR1A|MTNR1B|PSPC1|TIMELESS|UTS2|HEL-S-80P|DDX5|MAGEL2|KMT2A|C3ORF70|CREM|BHLHB2|TNFRSF11A|NPAS2|C1ORF51|RAI1|AANAT|UBC|DRD1|DRD2|DRD3|DRD4|ZFHX3|OPN4|OPN3|NONO|GFPT1|BTBD9|IL6|CDK4|BHLHE40|TCF2|OGT|KDM5A|GSK3B|PTEN|NR1C1|HEBP1|RBM4|DBP|SIN3A|SIX3|PRKG2|HEL-S-2|KLF10|SFPQ|CREB1|ADORA2A|THRAP3|CRY2|CRY1|CRH|TOP1|HDAC2|NLGN1|PRKAA1|DDC|HDAC3|PRKAA2|HDAC1|ROCK2|CRX|RBM4B|CIART|ATOH7|MAPK9|MAPK8|PLN|MTA1|NOCT|GNA11|NRIP1|NDUFA9|NTRK1|NOS2|NTRK3|ASS1|PML|HCRTR2|HS3ST2|HCRTR1|MAPK10|IMPDH2|LEP|KLF9","circadian rhythm genes","203","ENR","CIRCADIAN RHYTHM%GOBP%GO:0007623,CIRCADIAN RHYTHM GENES%WIKIPATHWAYS_20250810%WP3594%HOMO SAPIENS","1.8475","0.0",,"0","0","false",
"13","2.8331532457178046","2.8331532457178046","2.8331532457178046","1.0","1","0.6043","0.0167","0.897","GUCY1B2|ACAA2|GUCY1B1|RORA|PLOD2|PLOD1|AQP3|AQP1|LOXL2|NPEPPS|ALKBH5|FAM162A|MYC|LONP1|PDK3|EP300|PDK1|CHRNB2|BNIP3L|GUCY1A2|ATP6V1G1|GUCY1A1|TSC1|PGF|SFRP1|ADAM17|CLDN3|DDIT4|ADAM8|MGARP|ATP6V0D1|TP53|AJUBA|ATP6V1A|NOTCH1|EPAS1|CHRNA4|CHRNA7|GATA6|ITPR1|TWIST1|ITPR2|AK4|HIF1A|NDRG1|CIAO3|FOXO1|ZFP36L1|HSP90B1|DPP4|CYB5R4|TERT|PGK1|ATP6V0A2|PMAIP1|ATG7|HMOX2|EGR1|SMAD4|TGFB2|TGFB1|SMAD3|TGFB3|CAV1|BMP7|MT3|CPEB1|BMP2|TBL2|RGCC|TH|MDM2|NF1|PIN1|MDM4|HYOU1|SCN2A|CD24|CPEB2|ADA|NFE2L2|CPEB4|RYR1|SUV39H2|RYR2|ALAS2|CITED2|SUV39H1|HILPDA|HP1BP3|FMN2|ADO|LIMD1|RPTOR|FUNDC1|MLST8|NOS1|PLEKHN1|NKX3-1|MYOCD|PTGIS|KCND2|ATP6AP1|MMP2|NGB|ARNT|SIRT1|CBFA2T3|SIRT2|KCNMA1|NDUFS2|PICK1|PPARG|ANG|ANGPTL4|OPRD1|PRKAA1|SRF|NDUFA4L2|CXCR4|NDNF|PTGS2|ASCL2|THBS1|TM9SF4|VMA12|LMNA|UCP2|UBQLN1|VHL|EGLN1|ANGPT4|ARNT2|EGLN3|TIGAR|EGLN2|BAD|BNIP3|VEGFB|VEGFC|VEGFD|WTIP|MTOR|USF1|PML|HIPK2|VEGFA|SLC8A3|FABP1|PINK1|REST|VMA22|FAS|STUB1|P4HB|NOP53","decreased oxygen levels","156","ENR","CELLULAR RESPONSE TO OXYGEN LEVELS%GOBP%GO:0071453,CELLULAR RESPONSE TO HYPOXIA%GOBP%GO:0071456,RESPONSE TO HYPOXIA%GOBP%GO:0001666,CELLULAR RESPONSE TO DECREASED OXYGEN LEVELS%GOBP%GO:0036294,RESPONSE TO OXYGEN LEVELS%GOBP%GO:0070482,RESPONSE TO DECREASED OXYGEN LEVELS%GOBP%GO:0036293","1.933","0.0",,"0","0","false",
"14","2.886056647693163","-2.886056647693163","2.886056647693163","-1.0","1","-0.5605","0.0012","0.009","MT-ND6|MT-ND4L|MTFMT|MT-ND4|MT-ND5|MT-CO1|MT-ND2|MT-ND3|YARS2|MT-ND1|MTRF1|CHCHD1|EARS2|RARS2|MRPS18B|MRPS18A|MRPS18C|TUFM|OXA1L|LARS2|MT-CO2|TARS2|MT-CO3|AURKAIP1|DAP3|AARS2|MRPL18|MRPL19|MRPL16|MRPL17|MRPL14|MRPL15|MRPL12|MRPL13|MRPL10|MRPL11|MRPL20|MRPL27|MRPL28|ERAL1|MRPL23|MRPL24|HARS2|MRPL21|MRPL22|MRPL30|MT-CYB|MRPS17|MRPS15|GFM1|MRPS16|MRPS14|GFM2|FASTKD2|MRPS11|MRPS12|MRPL38|MRPS10|MRPL39|MRPL36|MRPL37|MRPL34|MRPL35|MRPL32|MRPL33|MRPL4|MRPL41|MT-ATP6|MRPL42|MRPL3|MRPL2|MRPL1|MRPL40|MRPL9|MRPS28|TSFM|MRPS26|MRPS27|MRPS24|MRPS25|MRPS22|MRPS23|MRPL49|MRPS2|MRPS21|DARS2|MRPL47|MRPL48|MRPS7|MRPL45|QRSL1|MRPL46|MRPS6|MRPS5|MRPL43|MRPL44|MRPL52|MRPL53|MRPL50|MRPS9|MRPL51|SARS2|MRRF|MTRF1L|MRPS35|MRPS33|MRPS34|MRPS31|MRPL58|MTIF2|MRPS30|MTIF3|MIEF1|MALSU1|MRPL57|MRPL54|MRPL55|IARS2|GADD45GIP1|PTCD3|GATC|GATB|MT-ATP8|KGD4|WARS2|GARS1|MTRFR|MTRES1|NDUFAB1","mitochondrial quality translation","129","ENR","MITOCHONDRIAL TRANSLATION INITIATION%REACTOME DATABASE ID RELEASE 93%5368286,MITOCHONDRIAL TRANSLATION ELONGATION%REACTOME%R-HSA-5389840.3,MITOCHONDRIAL TRANSLATION TERMINATION%REACTOME%R-HSA-5419276.5,MITOCHONDRIAL RIBOSOME-ASSOCIATED QUALITY CONTROL%REACTOME%R-HSA-9937383.1,MITOCHONDRIAL TRANSLATION%REACTOME%R-HSA-5368287.5,MITOCHONDRIAL TRANSLATION%GOBP%GO:0032543","-2.2036","0.0",,"0","0","false",
"15","2.6250047733339543","2.6250047733339543","2.6250047733339543","1.0","1","0.7088","0.0107","0.709","ZNF512B|FOXA1|SPI1|PRL|NR3C1|TNF|ETS1|FGF2|MYC|MYB|ZC3H12A|SOX9|TEAD1|HRAS|IL10|SREBF1|MRTFB|RC3H1|MRTFA|PAX6|FOS|POU5F1|RC3H2|GNL3|NCOR2|AR|NCOR1|MYCN|RARA|PPARG|PPARA|TP53|PPARD|NOTCH2|NOTCH3|SRF|PDGFB|TWIST1|GATA3|GATA2|FOXO3|HIF1A|RELA|EGFR|TERT|ATOH8|ZSWIM8|TENT2|NGFR|EGR1|JUN|TGFB2|TGFB1|SMAD3|PNPT1|POU2F1|STAT3|NFATC3|KLF4|ESR1|LILRB4|NFKB1|AGT|VEGFA|NFATC4|APLN|SMARCA4|BMP4|FOSL1|REST|IL6|LIN28B|NFIB|WT1","mirna transcription regulation","74","ENR","NEGATIVE REGULATION OF MIRNA TRANSCRIPTION%GOBP%GO:1902894,REGULATION OF MIRNA METABOLIC PROCESS%GOBP%GO:2000628,REGULATION OF MIRNA TRANSCRIPTION%GOBP%GO:1902893,NEGATIVE REGULATION OF MIRNA METABOLIC PROCESS%GOBP%GO:2000629,POSITIVE REGULATION OF MIRNA METABOLIC PROCESS%GOBP%GO:2000630","1.9734","0.0",,"0","0","false",
"16","2.886056647693163","2.886056647693163","2.886056647693163","1.0","1","0.6894","1.0E-4","0.001","RB1|H2AB1|H2AC19|CCNC|LIPE|H2AC14|H2BC12L|PDK4|KAT8|EP300|PHLDA1|MEN1|MED1|H2AC8|DGAT2|H2AC6|H2AC7|ACSL1|ADIPOQ|MED4|HCFC2|MED6|MED7|HCFC1|TBL1XR1|WDR82|AJUBA|KMT2D|PAXIP1|KMT2A|KMT2C|PEX11A|KMT2B|BOD1L1|LPL|MED30|MED31|MBIP|ABL1|TASP1|PPARGC1A|PPARGC1B|KAT14|DR1|CREBBP|H4C9|BOD1|SETD1B|SETD1A|CIDEC|CDK8|TADA2A|ZZZ3|YEATS2|CDK5|H2AC20|TADA3|OGT|H2AX|PHF20|AKAP8L|DPY30|PSIP1|ASH2L|SGF29|MED16|MED17|PAGR1|MED12|MED14|H2BC26|MED13|MED10|H2BC21|WDR5|CD36|KDM6A|H3-3B|NCOA1|NCOA2|H3C8|ELOVL5|NCOA6|NCOA3|NCOA4|MED27|H2BC17|SIRT1|MED23|H2BC12|PHF20L1|NCOR2|KAT2B|H2BC13|H2AJ|H2BC14|KAT2A|H2BC15|MED24|NCOR1|MED20|H2BC11|PLIN4|PLIN2|PLIN1|ANGPTL4|MGLL|CEBPA|ACSS3|HDAC3|CXXC1|GPS2|AGPAT2|H3C15|RXRA|RBBP5|TBL1X|H2BC9|H2AZ2|H2BC8|H2BC5|H2BC3|MCRS1|SCD5|H2BC1|FABP4|KANSL1|GPAM|SCD|KANSL2|KANSL3|THRSP|LPIN1|PNPLA2","epigenetic complexes mll4","134","ENR","EPIGENETIC REGULATION BY WDR5-CONTAINING HISTONE MODIFYING COMPLEXES%REACTOME DATABASE ID RELEASE 93%9917777,EPIGENETIC REGULATION OF ADIPOGENESIS GENES BY MLL3 AND MLL4 COMPLEXES%REACTOME DATABASE ID RELEASE 93%9851695,MLL4 AND MLL3 COMPLEXES REGULATE EXPRESSION OF PPARG TARGET GENES IN ADIPOGENESIS AND HEPATIC STEATOSIS%REACTOME DATABASE ID RELEASE 93%9841922,EPIGENETIC REGULATION OF GENE EXPRESSION BY MLL3 AND MLL4 COMPLEXES%REACTOME%R-HSA-9818564.1","2.2643","0.0",,"0","0","false",
"17","2.6929198044767517","2.6929198044767517","2.6929198044767517","1.0","1","0.7461","0.0061","0.323","VCP|UBXN1|PRKCSH|SEL1L|NGLY1|DERL1|DERL2|RNF5|GANAB|RNF139|OS9|UBB|MAN1A2|UBC|MAN1C1|MLEC|MAN1A1|AGA|UGGT2|RPS27A|UGGT1|MARCHF6|EDEM3|PDIA3|AMFR|EDEM1|EDEM2|OGA|SYVN1|MOGS|RAD23B|RNF103|PSMC1|CANX|TRIM13|MAN1B1|CALR|RNF185|UBA52|ENGASE","calnexin calreticulin cycle","40","ENR","PROTEIN DEGLYCOSYLATION%GOBP%GO:0006517,CALNEXIN CALRETICULIN CYCLE%REACTOME DATABASE ID RELEASE 93%901042,ER QUALITY CONTROL COMPARTMENT (ERQC)%REACTOME%R-HSA-901032.7,N-GLYCAN TRIMMING IN THE ER AND CALNEXIN CALRETICULIN CYCLE%REACTOME DATABASE ID RELEASE 93%532668","2.0398","0.0",,"0","0","false",
"18","2.886056647693163","-2.886056647693163","2.886056647693163","-1.0","1","-0.6449","0.0043","0.055","MPG|DSCC1|H2AB1|H2AC19|H2AC14|H2BC12L|RUVBL2|RUVBL1|H2AC8|DAXX|LIG1|H2AC6|H2AC7|TINF2|LIG3|NEIL3|SHQ1|NEIL2|DKC1|NHP2|ADPRS|DNA2|NEIL1|PIF1|RTEL1|BLM|CHTF8|TERT|NTHL1|GAR1|CTC1|ANKRD28|ACD|H4C9|XRCC1|POLA1|POLA2|H2AC20|CDK2|NOP10|WRAP53|H2AX|FEN1|MCM7|MCM8|OGG1|CHTF18|POLB|PPP6C|H2BC26|H2BC21|PPP6R3|POLE|H3-3B|RFC5|RFC3|RFC4|RFC1|PARP1|RFC2|PARP2|ATRX|TERF1|TERF2|H2BC17|CCNA2|H2BC12|H2BC13|CCNA1|H2AJ|H2BC14|H2BC15|H2BC11|MCM3|MCM4|POT1|TERF2IP|MCM5|MCM6|MCM2|PRIM2|PCNA|PARG|PRIM1|PNKP|POLD3|POLD4|WRN|CDC45|POLR2A|POLR2B|POLD1|POLR2C|TDG|POLD2|POLR2D|POLR2E|POLR2F|POLR2G|POLR2H|POLR2I|POLR2J|POLR2K|POLR2L|GINS1|H2BC9|GINS2|H2AZ2|MBD4|STN1|H2BC8|H2BC5|GINS3|H2BC3|GINS4|RPA1|H2BC1|RPA2|POLE4|SMUG1|TEN1|H3-4|RPA3|POLE2|APEX1|POLE3","base excision repair","126","ENR","DNA STRAND ELONGATION%REACTOME DATABASE ID RELEASE 93%69190,TELOMERE MAINTENANCE%REACTOME DATABASE ID RELEASE 93%157579,BASE EXCISION REPAIR%REACTOME%R-HSA-73884.4","-2.0975","0.0",,"0","0","true",
"19","2.875328419902696","2.875328419902696","2.875328419902696","1.0","1","0.6616","0.0101","0.672","ACADVL|GSK3A|CXCL8|FKBP14|HERPUD1|MYDGF|TATDN2|SERP1|CREB3L3|CREB3L4|KHSRP|CREB3L1|CREB3L2|TSPYL2|IGFBP1|DIS3|DDX11|PLA2G4B|PPP2R5B|WIPI1|PDIA6|ARFGAP1|PDIA5|DNAJC3|ERN1|DCSTAMP|CREB3|CTDSP2|DDIT3|DNAJB11|PREB|KDELR3|ATP6V0D1|TLN1|ATF6|ATF3|DCP2|ATF4|CUL7|CEBPB|ATF6B|SHC1|DCTN1|GOSR2|CEBPG|CXXC1|PARN|ADD1|HSP90B1|EXOSC7|EXOSC6|EXTL2|EXOSC5|EXTL1|EXOSC4|EXOSC9|LMNA|EXOSC8|SSR1|DNAJB9|CCL2|EXOSC3|EXTL3|EXOSC2|SULT1A3|EXOSC1|SEC31A|KLHDC3|ZBTB17|MBTPS1|HSPA5|NFYA|WFS1|NFYB|EDEM1|NFYC|GFPT1|SYVN1|EIF2AK3|ASNS|EIF2S2|EIF2S1|YIF1A|EIF2S3|SRPRA|CREBRF|SRPRB|TPP1|HDGF|HYOU1|CALR|MBTPS2","xbp1 activates chaperones","92","ENR","IRE1ALPHA ACTIVATES CHAPERONES%REACTOME%R-HSA-381070.3,XBP1(S) ACTIVATES CHAPERONE GENES%REACTOME%R-HSA-381038.5,UNFOLDED PROTEIN RESPONSE (UPR)%REACTOME DATABASE ID RELEASE 93%381119","1.9802","0.0",,"0","0","false",
"20","2.4801508148065214","2.4801508148065214","2.4801508148065214","1.0","1","0.7065","0.0179","0.924","ERRFI1|REG3A|FOXC1|IL20|ROCK1|NUMA1|ROCK2|REG3G|ABCA12|MACROH2A2|DLL1|MACROH2A1|AQP3|ZFP36L1|SPRR5|CYP27B1|ZFP36|ZBED2|SFN|HOXA7|EXTL3|MED1|PRKCH|VDR|NCOA3|KRT2|KDF1|NME2|KRT10|GDF3|ETV4|PLAAT4|SGPP1|ELAPOR2|SULT2B1|BMP4|KLF7|SFRP4|ESRP1|MAFG|MAFF|TMEM79|PKP1|TRIM16|SRSF6","epidermis development keratinocyte","45","ENR","REGULATION OF EPIDERMIS DEVELOPMENT%GOBP%GO:0045682,REGULATION OF EPIDERMAL CELL DIFFERENTIATION%GOBP%GO:0045604,REGULATION OF KERATINOCYTE DIFFERENTIATION%GOBP%GO:0045616","1.9259","0.0",,"0","0","false",
"1","2.8637902204609498","2.8637902204609498","2.8637902204609498","1.0","1","0.8158","0.0","0.0","ERRFI1|GLDC|GBA1|TMEM97|ANTXR2|LIPA|GBA2|TSKU|NSDHL|LIPC|STS|SCP2|CYP2D6|LIPG|FDXR|CYP1B1|PDK3|FBXO6|SULT2A1|MED1|STARD3|CUBN|ACOT8|STARD4|STARD5|STARD6|ACSL1|ACSL3|SLC51A|SLC51B|CYP27A1|CYP39A1|SULT2B1|CH25H|PLPP6|SOAT1|CYP2U1|SOAT2|ETHE1|FDX1|FDX2|TRIB3|CYP2E1|ATF5|ATF3|CES1|CETP|LRPAP1|SAR1B|FAXDC2|MTTP|LHB|HELZ2|HSD11B1|SULT1A1|HSD11B2|CYP27B1|CYP2B6|APOH|CHST10|APOF|RDH16|SCAP|APOE|APOB|CGA|PCK1|FDFT1|PCK2|ABCA1|ABCA2|CREBBP|GSTM2|ABCA5|CHKA|SLC10A1|SLC10A2|CIDEB|NR0B2|DHFR|ACER2|SQLE|ACER1|CYP2C9|CYP2C8|STAR|FASN|AKR1B15|ACER3|CYP1A2|CYP1A1|CPEB2|LGMN|DHRS11|RDH8|PRKAG2|PCSK9|AKR1B1|SERPINA6|ARV1|SHH|PIP4P1|SPTLC1|SPTLC2|SPTLC3|TSPO|CD36|LDLRAP1|NCOA1|NCOA2|PBR|SREBF1|CBR1|ELOVL4|STARD3NL|TNFRSF12A|NCOA6|ELOVL5|SPHK2|ELOVL2|FSHB|SPHK1|ELOVL3|ELOVL6|AVPR1A|CYP7B1|BAAT|SREBF2|ITPKB|ITPKC|SLC22A24|PLSCR1|NR5A2|BDH1|CYP21A2|MTF1|ANGPTL8|ITPKA|ANGPTL3|RDH5|PPARG|PPARA|PPARD|ASAH1|ASAH2|AKR1D1|NR1I2|HSD17B3|HSD17B4|HSD17B6|HSD17B7|ABCB11|CYP7A1|HSD17B8|PTS|GNAI1|CYP17A1|RXRA|NFIL3|SULT1E1|HSD17B1|HSD17B2|SPP1|SC5D|MGAT1|SPTSSB|TBL1X|SPTSSA|GC|LDLR|APOL2|NFYA|GCH1|NFYB|SORT1|AGK|NFYC|NR1H2|AKR1C1|AKR1C3|NR1H4|NR1H3|AKR1C2|AKR1C4|CYP8B1|DHRS2|DHRS4|FABP2|GPAM|FABP5|DHRS9|SNX17|FABP6|CTNNB1|SCARB1|ACAA2|HDLBP|MSMO1|SDR9C7|MOXD2P|PARK7|CYP46A1|CLU|TM7SF2|CXCL16|ACTG1|FADS2|PPIP5K1|PPIP5K2|OSBP|ACAA1|FADS1|PIAS4|UGT2B10|ABCG8|MYLIP|G6PD|ABCG5|PCYT2|UGT2B11|DGAT1|IPMK|UGT2B15|UGT2B17|PRLR|DHDDS|ACLY|TBL1XR1|PGP|LPA|SLC27A2|KPNB1|ABCG1|SLC27A5|SLC27A4|IPPK|IDI1|ISYNA1|INSIG2|INSIG1|IDI2|LPL|CYP2C19|ACACB|CYP19A1|ACAT2|ACACA|CACNA1H|SLCO1B1|EBP|ATXN2|NPC1L1|CYP11A1|PMVK|SLCO1B3|IP6K1|PLTP|FGF23|IP6K3|IP6K2|OSBPL9|NIBAN1|FDPS|OSBPL7|OSBPL6|UBE2I|OSBPL5|SRD5A2|GOT1|VDR|SRD5A1|OSBPL3|IDH1|OSBPL2|SRD5A3|IDH2|DHCR24|IL4|QDPR|AMACR|SP1|CYP11B2|CYP11B1|SLCO1A2|ALB|DHCR7|OSBPL1A|MOXD1|ABCD3|CHD9|DBH|SPR|CYP4V2|SUMO2|CYP2R1|IDH3B|UGT2A2|UGT2A1|GUSB|HEL-S-7|SCARF1|LBR|HEL-S-4|IDH3A|YWHAH|ABCC3|GGPS1|HMGCS1|UGT1A1|CYP3A43|APOA2|FACL4|PLAUR|GPX8|APOA1|APOA4|LSS|APOA5|CYP2A6|NPC1|ACOX2|NPC2|UGT2B4|MVD|STX5A|UGT2B7|SEC23A|MVK|SMARCD3|ACSS2|SEMA3B|LCAT|HSD17B14|UGT2B28|HMGCR|LRP2|HSD17B12|CLN8|HSD17B11|CYP3A4|CYP3A5|HSD17B10|CLN6|CYP3A7|TGS1|TP53INP1|MAL2|UGT1A4|UGT1A3|TSPOAP1|UGT1A8|UGT1A7|MBTPS1|HSD3B7|SEC24B|SEC24A|HSD3B2|HEL-S-43|IDH3G|CYP51A1|HSD3B1|APOC3|PNRC1|POMC|CYP24A1|VAPA|SCD|CARM1|APOC2|APOC1|CD9|SEC24D|SEC24C|RAN|MBTPS2","cholesterol zoledronate action","375","ENR","CERIVASTATIN ACTION PATHWAY%PATHWHIZ%PW000271,SIMVASTATIN ACTION PATHWAY%PATHWHIZ%PW000127,REGULATION OF CHOLESTEROL BIOSYNTHESIS BY SREBP (SREBF)%REACTOME DATABASE ID RELEASE 93%1655829,RISEDRONATE ACTION PATHWAY%PATHWHIZ%PW000272,STEROL METABOLIC PROCESS%GOBP%GO:0016125,STEROID BIOSYNTHESIS%PATHWHIZ%PW000050,CHOLESTEROL SYNTHESIS DISORDERS%WIKIPATHWAYS_20250810%WP5193%HOMO SAPIENS,FLUVASTATIN ACTION PATHWAY%PATHWHIZ%PW000274,DESMOSTEROLOSIS%PATHWHIZ%PW000097,CHOLESTEROL METABOLIC PROCESS%GOBP%GO:0008203,ENTEROCYTE CHOLESTEROL METABOLISM%WIKIPATHWAYS_20250810%WP5333%HOMO SAPIENS,CHOLESTEROL BIOSYNTHESIS PATHWAY IN HEPATOCYTES%WIKIPATHWAYS_20250810%WP5329%HOMO SAPIENS,CHOLESTEROL BIOSYNTHETIC PROCESS%GOBP%GO:0006695,CHOLESTEROL METABOLISM%WIKIPATHWAYS_20250810%WP5304%HOMO SAPIENS,METABOLISM OF STEROIDS%REACTOME%R-HSA-8957322.4,IBANDRONATE ACTION PATHWAY%SMPDB%SMP0000079,STEROID BIOSYNTHETIC PROCESS%GOBP%GO:0006694,ALENDRONATE ACTION PATHWAY%PATHWHIZ%PW000137,ROSUVASTATIN ACTION PATHWAY%SMPDB%SMP0000092,HYPERCHOLESTEROLEMIA%PATHWHIZ%PW000221,CHOLESTEROL METABOLISM WITH BLOCH AND KANDUTSCH RUSSELL PATHWAYS%WIKIPATHWAYS_20250810%WP4718%HOMO SAPIENS,CHILD SYNDROME%PATHWHIZ%PW000096,PRAVASTATIN ACTION PATHWAY%SMPDB%SMP0000089,ACTIVATION OF GENE EXPRESSION BY SREBF (SREBP)%REACTOME%R-HSA-2426168.5,SECONDARY ALCOHOL BIOSYNTHETIC PROCESS%GOBP%GO:1902653,MEVALONIC ACIDURIA%SMPDB%SMP0000510,CHONDRODYSPLASIA PUNCTATA II, X-LINKED DOMINANT (CDPX2)%SMPDB%SMP0000388,ALCOHOL BIOSYNTHETIC PROCESS%GOBP%GO:0046165,SMITH-LEMLI-OPITZ SYNDROME (SLOS)%PATHWHIZ%PW000095,PAMIDRONATE ACTION PATHWAY%PATHWHIZ%PW000273,ATORVASTATIN ACTION PATHWAY%SMPDB%SMP0000131,CHOLESTERYL ESTER STORAGE DISEASE%SMPDB%SMP0000508,CHOLESTEROL BIOSYNTHESIS%REACTOME DATABASE ID RELEASE 93%191273,WOLMAN DISEASE%PATHWHIZ%PW000487,ZOLEDRONATE ACTION PATHWAY%PATHWHIZ%PW000270,STEROL BIOSYNTHETIC PROCESS%GOBP%GO:0016126,HYPER-IGD SYNDROME%SMPDB%SMP0000509,LOVASTATIN ACTION PATHWAY%SMPDB%SMP0000099,HALLMARK_CHOLESTEROL_HOMEOSTASIS%MSIGDBHALLMARK%HALLMARK_CHOLESTEROL_HOMEOSTASIS,SECONDARY ALCOHOL METABOLIC PROCESS%GOBP%GO:1902652,STEROID METABOLIC PROCESS%GOBP%GO:0008202,LYSOSOMAL ACID LIPASE DEFICIENCY (WOLMAN DISEASE)%PATHWHIZ%PW000099","2.3478","0.0",,"0","0","false",
"2","2.886056647693165","-2.886056647693165","2.886056647693165","-1.0","1","-0.5094","0.0205","0.446","RPL4|RPL5|RPL30|RPL3|RPL32|RPL31|RPL34|RPL10L|RPL8|RPL10A|YARS1|RPL6|RPL7|RPS15|EEF1B2|RPS14|RPS17|RPS16|RPL18A|RPS19|NARS1|RPS18|RPL36AL|RPL36|RPL35|RPL38|RPL37|RPS11|RPL39|RPS10|RPS13|RPS12|RPS9|RARS1|RPL21|RPS7|RPS8|RPL23|RPS5|RPL22|RPS6|RPSA|RPL9P9|EEF1A1|LARS1|EEF1A2|RPL24|RPL27|RPL26|RPL29|CARS1|TARS1|RPL28|UBA52|AARS1|RPS4Y2|RPS4Y1|VARS1|RPL39L|RPL41|HARS1|EEF2|RPL3L|RPS26|RPS25|RPS28|RPS27|EPRS1|RPS29|RPL27A|RPS20|FARSA|RPS21|RPS24|RPS23|FARSB|RPLP1|RPLP0|RPS4X|RPL7A|QARS1|RACK1|RPLP2|MARS1|RPL13A|RPS3A|DARS1|EEF1G|SARS1|EEF1D|RPL37A|EEF1A1P5|RPL10|KARS1|RPL12|RPL11|RPL36A|RPS27L|RPS15A|RPS3|RPL14|RPL13|RPS2|RPL15|IARS1|RPL18|RPS27A|RPL17|RPL19|RPL35A|RPL23A|WARS1|GARS1|RPL22L1|FAU|RPL26L1","synthesis valine protein","116","ENR","PROTEIN SYNTHESIS: THREONINE%PATHWHIZ%PW120525,PROTEIN SYNTHESIS: METHIONINE%PATHWHIZ%PW112933,PROTEIN SYNTHESIS: GLUTAMIC ACID%PATHWHIZ%PW112922,PROTEIN SYNTHESIS: PHENYLALANINE%PATHWHIZ%PW112934,PROTEIN SYNTHESIS: ALANINE%PATHWHIZ%PW101384,PROTEIN SYNTHESIS: LYSINE%SMPDB%SMP0111874,PROTEIN SYNTHESIS: ISOLEUCINE%SMPDB%SMP0111872,PROTEIN SYNTHESIS: HISTIDINE%PATHWHIZ%PW112929,PROTEIN SYNTHESIS: SERINE%PATHWHIZ%PW120517,PROTEIN SYNTHESIS: GLYCINE%PATHWHIZ%PW112928,EUKARYOTIC TRANSLATION ELONGATION%REACTOME%R-HSA-156842.4,PROTEIN SYNTHESIS: TRYPTOPHAN%PATHWHIZ%PW120526,PROTEIN SYNTHESIS: VALINE%PATHWHIZ%PW120528,PROTEIN SYNTHESIS: GLUTAMINE%SMPDB%SMP0111862,PROTEIN SYNTHESIS: ASPARTIC ACID%SMPDB%SMP0111858,PROTEIN SYNTHESIS: PROLINE%PATHWHIZ%PW113695,PROTEIN SYNTHESIS: ASPARAGINE%SMPDB%SMP0111854,PROTEIN SYNTHESIS: CYSTEINE%PATHWHIZ%PW112918,PROTEIN SYNTHESIS: ARGININE%SMPDB%SMP0111853,PEPTIDE CHAIN ELONGATION%REACTOME%R-HSA-156902.4,PROTEIN SYNTHESIS: TYROSINE%PATHWHIZ%PW120527,PROTEIN SYNTHESIS: LEUCINE%SMPDB%SMP0111873","-1.9613","0.0",,"0","0","false",
"3","2.8860566476931644","-2.8860566476931644","2.8860566476931644","-1.0","1","-0.6768","4.0E-4","0.001","MT-ND6|MT-ND4L|MT-ND4|MT-ND5|MT-CO1|NUDT2|MT-ND2|MT-ND3|MT-ND1|ATP5IF1|CSRP2BP|CMC1|BCS1L|PYURF|COX7A2L|SCO1|COX7A2P2|SCO2|UQCRC1|TMEM126A|MT-CO2|MT-CO3|UQCRC2|TMEM126B|ATP5J|ATP5H|OMA1|STMP1|COX3|COX2|COX1|PPARGC1A|DMAC2L|TRAP1|SURF1|UCK2|NDUFAF8|UCK1|NDUFAF6|NDUFAF7|NDUFAF4|NDUFAF5|NDUFAF2|NDUFAF3|SFXN4|NDUFAF1|CEP89|COX7B|FASTKD3|PRKAG2|HCCS|HSCB|ECSIT|COX7C|CYB|TMEM186|MT-ATP6|AIFM1|RAB5IF|COX8A|ATPAF2|COX8C|ACAD9|NME2|NME3|TIMM21|HEL-S-123M|COQ10B|COQ10A|NME1|TMEM177|SDHAF2|SDHAF3|SDHAF1|SDHAF4|ALDOA|ATPAF1|DTYMK|DMAC1|ATP23|DMAC2|NDUFA4L2|UCP1|UQCR11|UQCR10|COX5B|COX5A|TMEM70|PET117|ATP5F1A|ATP5F1B|UCP3|UCP2|ATP5PF|ATP5PD|TIMMDC1|PET100|MDH1|ATP5PB|NUBPL|MDH2|ND4L|COX6C|ATP5F1C|ATP5F1D|ATP5F1E|MT-ATP8|LETM1|LYRM2|LYRM4|NDUFAB1|LYRM7|ATP5PO|NDUFA13|NDUFA11|NDUFA12|TACO1|NDUFA10|COX6A1|COX6A2|HEL-S-271|CHCHD4|CHCHD7|AK4P3|FAM36A|SDHC|SDHD|SDHA|COX6B2|SDHB|COX6B1|OXA1L|CMPK2|SLC25A51|ND1|ND3|ND2|ND5|ND4|ND6|COX19|UQCRB|NDUFB10|COX16|NDUFB11|ATP8|COX15|COX18|ATP6|COX17|ATP5MC2|ATP5MC3|AK3|COX7A2|AK4|HIGD1A|COX7A1|HIGD1B|UQCRH|ATP5MC1|TMEM242|HIGD1C|ATP5MK|COX11|ATP5MJ|COX14|NDUFV3|CYC1|NDUFV2|NDUFV1|ATP5MG|ATP5MF|COX10|ATP5ME|HSPA9|COA3|TGFB1|COA1|UQCC3|GOT1|UQCC2|UQCC1|GOT2|UQCC6|UQCC5|UQCC4|HIGD2B|HIGD2A|UQCRQ|FMC1|CYCS|MT-CYB|COX20|COX4I1|COX4I2|ETFA|ETFB|ATP5G1|TMEM223|UQCRFS1|ATP5F1EP2|COA8|UQCRFS1P1|COA6|COA5|VPS9D1|C3ORF60|ATP6AP2|NDUFC2|CTPS2|NDUFC1|CTPS1|SLC25A18|NDUFS8|NDUFS7|NDUFS6|NDUFS5|NDUFS4|NDUFS3|NDUFS2|NDUFS1|SLC25A5|SLC25A12|FXN|SMIM20|SLC25A4|SLC25A11|SLC25A14|SLC25A13|SLC25A6|NDUFB9|NDUFB8|NDUFB7|NDUFB6|C2ORF69|NDUFB5|NDUFB4|NDUFB3|NDUFB2|ETFDH|NDUFB1|FOXRED1|SLC25A27|ATP5MGL|SLC25A22|NDUFA9|NDUFA8|NDUFA7|NDUFA6|NDUFA5|NDUFA4|ZNF183|NDUFA3|NDUFA2|NDUFA1|TTC19|UQCRHL|PNKD|IMPDH1|IMPDH2|OCIAD2|SLC25A33","atp electron triphosphate","262","ENR","MITOCHONDRIAL ATP SYNTHESIS COUPLED ELECTRON TRANSPORT%GOBP%GO:0042775,OXIDATIVE PHOSPHORYLATION%WIKIPATHWAYS_20250810%WP623%HOMO SAPIENS,MITOCHONDRIAL ELECTRON TRANSPORT, NADH TO UBIQUINONE%GOBP%GO:0006120,NUCLEOSIDE TRIPHOSPHATE BIOSYNTHETIC PROCESS%GOBP%GO:0009142,MITOCHONDRIAL RESPIRATORY CHAIN COMPLEX ASSEMBLY%GOBP%GO:0033108,MITOCHONDRIAL COMPLEX I ASSEMBLY MODEL OXPHOS SYSTEM%WIKIPATHWAYS_20250810%WP4324%HOMO SAPIENS,ATP BIOSYNTHETIC PROCESS%GOBP%GO:0006754,PROTON MOTIVE FORCE-DRIVEN MITOCHONDRIAL ATP SYNTHESIS%GOBP%GO:0042776,PURINE NUCLEOSIDE TRIPHOSPHATE BIOSYNTHETIC PROCESS%GOBP%GO:0009145,MITOCHONDRIAL COMPLEX IV ASSEMBLY%WIKIPATHWAYS_20250810%WP4922%HOMO SAPIENS,RESPIRATORY ELECTRON TRANSPORT CHAIN%GOBP%GO:0022904,ELECTRON TRANSPORT CHAIN OXPHOS SYSTEM IN MITOCHONDRIA%WIKIPATHWAYS_20250810%WP111%HOMO SAPIENS,RESPIRATORY ELECTRON TRANSPORT%REACTOME DATABASE ID RELEASE 93%611105,PURINE RIBONUCLEOSIDE TRIPHOSPHATE BIOSYNTHETIC PROCESS%GOBP%GO:0009206,COMPLEX IV ASSEMBLY%REACTOME%R-HSA-9864848.2,COMPLEX I BIOGENESIS%REACTOME DATABASE ID RELEASE 93%6799198,OXIDATIVE PHOSPHORYLATION%GOBP%GO:0006119,ATP SYNTHESIS COUPLED ELECTRON TRANSPORT%GOBP%GO:0042773,RIBONUCLEOSIDE TRIPHOSPHATE BIOSYNTHETIC PROCESS%GOBP%GO:0009201,PROTON MOTIVE FORCE-DRIVEN ATP SYNTHESIS%GOBP%GO:0015986,AEROBIC ELECTRON TRANSPORT CHAIN%GOBP%GO:0019646","-2.3789","0.0",,"0","0","false",
"4","2.8788589233566646","2.8788589233566646","2.8788589233566646","1.0","1","0.7785","0.0","0.0","PANK2|LPGAT1|PID1|SCT|GFI1|AQP8|AVIL|DCAF5|ERFE|PHB2|ATP5IF1|ENDOU|LACTB|KAT5|AKT2|PDK4|AKT1|LONP2|PDK3|SOX9|MLYCD|PRKACA|PDK2|MFSD2A|PDK1|STARD4|PAQR4|ACTN3|PAQR3|PRKCD|ACSL3|DKK3|AGTR1|RUBCNL|TRIB3|SIK1|SPATA18|TP53|GPLD1|PLPP1|CES1|RD3|MTMR1|MTMR2|SLC45A3|MTMR3|PDGFB|PDGFA|PLA2G3|TWIST1|MTMR9|PLA2G6|ACMSD|SEC14L2|C3|RNF213|APOH|PLCG2|SCAP|APOD|APOE|PCK1|CGA|PPARGC1A|GPIHBP1|ABCA2|EGR1|FIS1|ABCA3|ERLIN1|CIDEA|TYSND1|CIDEB|NR0B1|ABCA7|NR1D2|ERLIN2|NR1D1|CIDEC|FANCD2OS|STAR|EIF6|ADCK2|ID2|SNAI1|SNAI2|SERPINA3|PRKAG2|KIF12|ADM|BRCA1|RPTOR|GPRC6A|SLC22A13|C1QTNF3|ARV1|C1QTNF2|ACADL|HNF4A|LDLRAP1|APPL2|BBS4|GIT1|SREBF1|NCOA2|EDN1|EDN2|PARP1|SPHK2|ELOVL5|SPHK1|FSHB|PRMT3|MST1|SIRT4|SIRT5|SIRT6|PROX1|SIRT1|CBFA2T3|SREBF2|SIRT2|SIRT3|NME1|NR5A1|NCOR2|KAT2B|CEACAM1|KAT2A|NCOR1|NR5A2|ADRB3|IL1B|CNEP1R1|C1QTNF12|ANGPTL8|ANGPTL3|PPARG|ANGPTL4|ALDOB|PPARA|PLIN5|PPARD|ASAH1|SAMD8|GPS2|PTGS2|ABCB11|CYP7A1|GNAI1|RXRA|PDPR|BGLAP|ORMDL2|ORMDL3|LDLR|MARCHF6|CD74|TIGAR|TPK1|NR1H2|DKKL1|AKR1C3|NR1H4|ORMDL1|NR1H3|SORBS1|FMO5|AGT|GCK|CHLSN|PDP1|FABP3|AADAC|LPCAT3|ETFBKMT|CCDC3|GPR146|SCARB2|SCARB1|SLC27A1|IRS1|RORC|ZBTB20|IRS2|RORA|FGF1|TNF|ATCAY|CHP1|EP300|ENPP7|USP7|PPTC7|FBXW7|ADIPOQ|BSCL2|CTDNEP1|DISP3|TMX1|DGKQ|EEF1A2|PGP|PLAA|NUPR1|ABCG1|KPNB1|H6PD|INSIG1|UBR4|CREBL2|ABHD5|ADIPOR1|MTLN|MACROH2A1|HCAR2|HCAR3|COP1|HCAR1|AMDHD2|PSAP|PGK1|PIBF1|WDTC1|WNT4|DNAJC19|PSAPL1|KLHL25|EPHX2|CAV1|RARRES2|NFKB1|BMP6|BMP5|CLK2|MLXIPL|BMP2|ZFP69|FGF19|GNB3|FGFR4|ALK|ACADVL|ABCD2|MTCL2|PDE3B|PLEK|HTR2B|HTR2C|TREM2|HTR2A|FLCN|GPER1|OPA3|MLST8|ABCD1|TRIM63|UGT1A1|APOA2|ZFP92|APOA1|APOA4|EDF1|APOA5|ADRA2A|CREB1|ADGRF1|IFNG|NPC2|ADGRF5|CRY1|DAGLB|FBP1|CERS2|HDAC4|PRKAA1|HPGD|HSD17B13|CLCN2|INS|MAPK1|UGT1A8|MBTPS1|MID1IP1|MBOAT7|ATP2B4|APOC3|SORL1|MTOR|TTC39B|TM6SF2|BCKDK|REST|APOC2|ASXL3|APOC1|THRSP|STUB1|MBTPS2","regulation biosynthetic process","299","ENR","NEGATIVE REGULATION OF FATTY ACID METABOLIC PROCESS%GOBP%GO:0045922,NEGATIVE REGULATION OF LIPID METABOLIC PROCESS%GOBP%GO:0045833,REGULATION OF STEROL BIOSYNTHETIC PROCESS%GOBP%GO:0106118,POSITIVE REGULATION OF LIPID BIOSYNTHETIC PROCESS%GOBP%GO:0046889,REGULATION OF CHOLESTEROL METABOLIC PROCESS%GOBP%GO:0090181,POSITIVE REGULATION OF LIPID METABOLIC PROCESS%GOBP%GO:0045834,REGULATION OF LIPID BIOSYNTHETIC PROCESS%GOBP%GO:0046890,REGULATION OF STEROID METABOLIC PROCESS%GOBP%GO:0019218,REGULATION OF KETONE METABOLIC PROCESS%GOBP%GO:0010565,REGULATION OF LIPID METABOLIC PROCESS%GOBP%GO:0019216,REGULATION OF FATTY ACID METABOLIC PROCESS%GOBP%GO:0019217,REGULATION OF FATTY ACID OXIDATION%GOBP%GO:0046320,REGULATION OF STEROID BIOSYNTHETIC PROCESS%GOBP%GO:0050810,NEGATIVE REGULATION OF SMALL MOLECULE METABOLIC PROCESS%GOBP%GO:0062014,NEGATIVE REGULATION OF LIPID BIOSYNTHETIC PROCESS%GOBP%GO:0051055,REGULATION OF FATTY ACID BIOSYNTHETIC PROCESS%GOBP%GO:0042304,REGULATION OF CHOLESTEROL BIOSYNTHETIC PROCESS%GOBP%GO:0045540","2.2953","0.0",,"0","0","false",
"5","2.8595946908566345","2.8595946908566345","2.8595946908566345","1.0","1","0.8328","2.0E-4","0.004","RB1|ALKBH7|LIPC|SCP2|CYP2D7|CYP2D6|LIPG|CYP1B1|DHRS4L1|LRAT|MLYCD|DHRS4L2|MMUT|XYLB|GAMT|ACOT9|ACOT8|PRKAB2|ACOT7|MECR|SDS|HOGA1|RBP4|HEL-S-53E|ACOT2|ACOT1|CYP2E1|ACOT6|ACOT4|MTMR1|MTMR2|HACD1|MTMR3|RETSAT|AASDH|MTMR8|MTMR9|MTMR4|ADH7|HACD3|PLA2G7|HACD2|ADH5|MTMR6|MTMR7|HACD4|ADH6|ACMSD|LDHC|ADH4|HSD11B2|LDHB|LDHA|RNF213|CYP2B6|RDH12|RDH11|RDH10|LDHD|RDH16|HAO1|RDH13|LTA4H|PPARGC1A|HAO2|GSTM4|GSTM2|GLYATL2|GSTM1|CYP4F2|ABCA4|CYP4F3|CYP4F8|MCAT|CYP2C9|FA2H|CYP2C8|FASN|PRXL2B|CYP1A2|CYP1A1|PPT1|PPT2|ACOT7L|CDKN1A|PRKAG2|PIP4P2|MCEE|PIP4P1|ELOVL1|ELOVL4|ELOVL5|ELOVL2|ELOVL3|ELOVL6|ELOVL7|PTGR1|BAAT|PTGR2|SIRT1|HADHB|HADHA|BDH2|CYP21A2|IVD|ANGPTL3|ACSBG1|PPARG|PPARA|ACSBG2|MGLL|PPARD|ECHS1|PLPPR1|ASAH2|PLPPR2|PLPPR3|GSTP1|PLPPR5|AOAH|PTGS2|ABCB11|PTGS1|ALOX5|SAMD1|CYP2F1|DHRS3|DHRS4|FIG4|GATM|DHRS9|LPCAT3|CRAT|DGKG|PECR|DGKE|SLC27A1|DGKD|DGKB|DGKA|PARK7|FADS3|ABHD12|FADS2|HPGDS|OSBP|NUDT19|FADS1|ADIPOQ|DGKZ|THNSL2|ACLY|DGKQ|MAPKAPK2|NAAA|SLCO2A1|SLC27A6|ADTRP|SLC27A3|SLC27A2|DGKI|SLC27A5|DGKH|SLC27A4|HEL-S-298|ABHD3|ABHD2|ABHD1|ABHD6|CYP2C19|CYP4F22|MTLN|CYP2C18|MTM1|PORCN|THEM5|THEM4|HACL1|OSBPL9|OSBPL7|OSBPL6|SRD5A2|AGXT2|OSBPL3|OSBPL2|TECRL|CYP4F11|CYP4F12|SYNJ1|TBXAS1|OSBPL1A|DAGLA|PTEN|ETFA|ETFB|ME3|GPX2|GPX1|GPX4|FACL4|FAAH2|CYP2A7|CYP2A6|SLC25A17|PCCA|PCCB|DAGLB|AGXT|ACSS2|PRKAA2|HSD17B12|CYP3A4|CYP3A5|HSD17B10|CYP3A7|SRR|AWAT1|BCO2|SLC25A20|BCO1|ALOXE3|UGT1A8|CTHRC1|MMAA|MBOAT7|MID1IP1|MBOAT1|MBOAT2|CYP4B1|MBOAT4|PC|ALDH8A1|FAAH|ACSM3|ACSM1|ECI1|ECI2|ACSM6|ACSM5|ACSM4|CYP4Z1|ACAD11|PTGDS|ACAD10|CPT1A|ACSL1|SACM1L|OXSM|ACSL6|ACSL5|ACSL4|MIF|ACSL3|CPT1C|CPT1B|CYP27A1|CYP39A1|PLPP6|PLPP5|PLPP4|CYP2U1|VDAC1|PLPP3|PLPP2|PLPP1|CES2|PTGES|CES1|GCDH|SLC22A5|MGST3|LHB|LIAS|INPP5B|SGPL1|INPP5F|INPP5E|INPP5K|HTD2|DECR2|PCK1|DECR1|PCK2|XBP1|ALOX15B|ACADSB|RPE65|CYP26A1|CYP27C1|CYP2S1|ECHDC1|ECHDC2|ECHDC3|LDHAL6A|LDHAL6B|RDH8|TECR|AKR1B1|CROT|ACADL|AUH|ACADM|CD36|ACADS|CBR1|FSHB|ACAD9|AKR1A1|CYP7B1|ADH1C|ADH1B|ADH1A|AKR1D1|HSD17B3|HSD17B4|ALOX12B|HSD17B6|HSD17B8|CYP7A1|CYP17A1|RXRA|CYP2A13|HSD17B1|CBR4|OLAH|CD74|PNPLA8|PTGES2|PTGES3|AKR1C1|SCD5|AKR1C3|AKR1C2|AKR1C4|FAH|AIG1|PEX13|CYP8B1|GRIN1|PER2|NUDT7|CYP2W1|NUDT8|NDUFAB1|GSTA1|PNPLA3|ACAA2|SDR9C7|MSMO1|CYP46A1|HADH|ACAA1|GGT1|PHYH|ACOT11|ACOT12|ACOT13|PLA2G15|ILVBL|PLA2G10|DPEP2|DPEP1|PNLIP|ALOX15|LPL|ALOX12|ADIPOR1|ADIPOR2|ACACB|ACACA|CACNA1H|CYP11A1|MORC2|CYP2J2|ACBD7|GGT5|ACBD6|ACBD5|ACBD4|EPHX2|EPHX1|ACSF3|ACSF2|AMACR|CYP11B2|NAT2|CYP11B1|DEGS1|ABCD4|PNLIPRP1|PNLIPRP2|ACADVL|ABCD2|ABCD3|CYP4A22|ACSM2A|DBI|PCTP|ACSM2B|SDR16C5|ACOXL|CYP26B1|CPT2|CYP4V2|ABCD1|ABCC1|PTGIS|PLA2G4B|DCXR|CYP4A11|PLA2G4C|PLA2G4A|PEX2|HEL-S-22|ALDH1A3|CYP26C1|ACOX2|ACOX1|EHHADH|ALDH1A2|ACOX3|PNLIPRP3|PON3|HPGD|PLA2G1B|PON2|PON1|ETFDH|LTC4S|HSD3B7|HSD3B1|SGPP2|SGPP1|MAPK11|SCD|ALOX5AP|THRSP|LPIN1|LPIN2|LPIN3","fatty acids acid","440","ENR","LIPID MODIFICATION%GOBP%GO:0030258,FATTY ACID BIOSYNTHETIC PROCESS%GOBP%GO:0006633,FATTY ACID BIOSYNTHESIS%WIKIPATHWAYS_20250810%WP357%HOMO SAPIENS,FATTY ACID OXIDATION%GOBP%GO:0019395,OLEFINIC COMPOUND METABOLIC PROCESS%GOBP%GO:0120254,UNSATURATED FATTY ACID BIOSYNTHETIC PROCESS%GOBP%GO:0006636,UNSATURATED FATTY ACID METABOLIC PROCESS%GOBP%GO:0033559,MONOCARBOXYLIC ACID CATABOLIC PROCESS%GOBP%GO:0072329,FATTY ACID METABOLISM%REACTOME%R-HSA-8978868.7,MONOCARBOXYLIC ACID BIOSYNTHETIC PROCESS%GOBP%GO:0072330,FATTY ACID CATABOLIC PROCESS%GOBP%GO:0009062,FATTY ACID METABOLIC PROCESS%GOBP%GO:0006631,FATTY ACID BETA-OXIDATION%GOBP%GO:0006635,OMEGA 6 FATTY ACIDS IN SENESCENCE%WIKIPATHWAYS_20250810%WP5424%HOMO SAPIENS,LONG-CHAIN FATTY ACID METABOLIC PROCESS%GOBP%GO:0001676,LIPID OXIDATION%GOBP%GO:0034440","2.2281","0.0",,"0","0","false",
"6","2.8812760394817136","2.8812760394817136","2.8812760394817136","1.0","1","0.8014","0.0015","0.048","PANK4|PANK2|PANK3|MTRR|ACSM3|PANK1|ACSM1|ACSM6|ACSM5|GBA1|ACSM4|TDO2|DIP2A|MLYCD|PDHX|ACOT9|ACOT8|ACOT7|MECR|ACSL1|OXSM|ACSL6|ACSL5|ACSL4|ACSL3|MTAP|MTHFD1|ACOT2|SUCLG2|ACOT1|SUCLG1|FAR1|FAR2|ACOT6|ACOT4|GNE|GCDH|HACD1|MGST2|HACD3|LIAS|HACD2|HACD4|UGT8|UGCG|PPCS|ST8SIA4|ST3GAL5|ST8SIA6|B4GALNT1|HTD2|ST3GAL1|HMGCLL1|ST3GAL2|GSTM1|ST8SIA2|ADHFE1|CYP4F2|ST8SIA3|MTHFR|ABCA8|ALOX15B|PM20D1|FA2H|BHMT|ADI1|FASN|PPT1|OGDH|PPT2|ACOT7L|PAM|TECR|CSAD|PPCDC|GGTA1|AACS|GGTLC2|SMPD2|NANP|GGTLC1|MCEE|SMPD4|SPTLC1|SPTLC2|SPTLC3|SMPD1|DLAT|NANS|ENOPH1|GGTLC3|ELOVL1|LYPLA2|ELOVL4|ELOVL5|ELOVL2|BHMT2|ELOVL3|AKR1A1|ELOVL6|ELOVL7|BAAT|PTGR1|TLCD3B|NME1|ACSBG1|FMO6P|ACSBG2|DLD|FH|ASAH1|ASAH2|SAMD8|SGMS1|GSTP1|HSD17B3|DLST|HSD17B4|FITM2|ALOX12B|SGMS2|HSD17B8|PAPSS2|PAPSS1|GPAT4|ALOX5|CARNS1|GGT2P|SPTSSB|SPTSSA|CBR4|OLAH|AGK|TPK1|SCD5|FMO1|FMO3|NUDT7|NUDT8|GSTA1|GGT3P|PNPLA1|OTC|PECR|OSBP|NUDT19|GGT1|DGAT2|DGAT1|ACOT11|ACOT12|PIPOX|MAT1A|ALDH3A2|ACLY|DPEP2|DPEP1|SLC27A3|SLC27A2|ASMT|ALOX15|MRI1|ALOX12|GLYAT|CYP4F22|ACACB|ACACA|ACAT1|AANAT|PMVK|THEM5|KDSR|CERT1|MORC2|GGT5|MPST|PDHA2|GGT7|PDHA1|GGT6|B3GALT4|TECRL|ACSF3|CYP4F12|ACSF2|GCLC|CPS1|DEGS1|DEGS2|GCLM|B4GALT3|SLC25A2|GAL3ST1|APIP|ACSM2A|MTR|ACSM2B|ABHD16A|DBT|HMGCS2|METTL16|ABCD1|BCKDHA|CERS3|CERS4|CERS5|CERS6|HMGCS1|DCAKD|BCKDHB|COASY|SLC25A15|MVD|HAGH|ST6GALNAC3|B4GALT6|ST6GALNAC4|CERS1|B4GALT4|ST6GALNAC5|ST6GALNAC6|B4GALT5|CERS2|ACSS3|ACSS2|MVK|PDHB|HSD17B12|MAT2B|CLN8|HMGCL|MAT2A|AWAT1|CBS|AWAT2|OXCT1|OXCT2|ACSS1|ALOXE3|ASS1|SUCLA2|VAPA|SCD|CTH|NAGS|CDO1","acyl coas coa","246","ENR","THIOESTER BIOSYNTHETIC PROCESS%GOBP%GO:0035384,THIOESTER METABOLIC PROCESS%GOBP%GO:0035383,SYNTHESIS OF VERY LONG-CHAIN FATTY ACYL-COAS%REACTOME%R-HSA-75876.10,AMIDE BIOSYNTHETIC PROCESS%GOBP%GO:0043604,FATTY-ACYL-COA METABOLIC PROCESS%GOBP%GO:0035337,ACYL-COA METABOLIC PROCESS%GOBP%GO:0006637,ACYL-COA BIOSYNTHETIC PROCESS%GOBP%GO:0071616,SULFUR COMPOUND BIOSYNTHETIC PROCESS%GOBP%GO:0044272,FATTY ACID DERIVATIVE BIOSYNTHETIC PROCESS%GOBP%GO:1901570,FATTY ACID DERIVATIVE METABOLIC PROCESS%GOBP%GO:1901568,FATTY ACYL-COA BIOSYNTHESIS%REACTOME%R-HSA-75105.12,FATTY-ACYL-COA BIOSYNTHETIC PROCESS%GOBP%GO:0046949,LONG-CHAIN FATTY-ACYL-COA METABOLIC PROCESS%GOBP%GO:0035336","2.1388","0.0",,"0","0","false",
"7","2.8804068379887227","2.8804068379887227","2.8804068379887227","1.0","1","0.8234","7.0E-4","0.019","ACSM3|ACSM1|ZDHHC8|TMEM97|LIPA|TSKU|LIPC|CREB3L3|PRKACG|LIPG|PRKACA|PRKACB|MFSD2A|CUBN|ACSL3|CYP39A1|SOAT1|SOAT2|BIN1|RBP1|MALL|AGTR1|CES3|UBA52|CES1|CETP|SAR1B|ABCB4|MTTP|PLA2G3|PLA2G5|PLA2G7|APOM|APOH|APOF|HMOX1|SNX9|APOE|APOB|A2M|GPIHBP1|ABCA1|ABCA2|MSR1|XBP1|ABCA5|SURF4|CIDEB|ABCA7|NR1D2|NR1D1|EHD1|NCEH1|ADCK1|CD24|CCDC127|OR10J5|CLTC|CLTA|PCSK9|AP2A1|VLDLR|PCSK6|OSBPL11|PCSK5|AP2A2|C1QTNF3|HNF4A|CD36|LDLRAP1|TLCD3A|IL18|CYP7B1|SIRT1|TLCD3B|ANGPTL8|ANGPTL3|TLCD4|TLCD2|PPARG|ANGPTL4|TLCD1|GRAMD1B|FITM2|ABCB11|CYP7A1|LIMA1|ORMDL2|ORMDL3|AP2S1|RPS27A|LDLR|PNPLA8|NR1H2|AKR1C1|NR1H4|NR1H3|ORMDL1|AP2B1|AGT|FABP3|LPCAT3|PNPLA3|PNPLA4|PNPLA5|LAMTOR1|PNPLA1|PNPLA2|SCARB1|MTCH2|HDLBP|ZBTB20|RORA|IRS2|MPO|AP2M1|ENPP7|SLC25A46|MYLIP|ABCG8|MINAR2|ABCG5|DGAT2|DGAT1|FBXW7|ADIPOQ|DISP3|RAB30|PLA2G10|LPA|ABCG4|PNLIP|ABCG1|ABHD4|INSIG1|ABHD8|LPL|ABHD5|THADA|MTLN|ACACB|UBB|NPC1L1|UBC|PLTP|FGF21|OSBPL8|GCKR|CAV3|CAV1|EPHX2|MLXIPL|ALB|FGFR4|PNLIPRP1|PNLIPRP2|DDX3X|ACSM2A|TREM2|FUNDC2|ABCD1|AMN|HSDL2|PLA2G12B|APOA2|APOA1|APOA4|LSR|APOA5|RCN3|NPC1|NPC2|LDAH|PNLIPRP3|CEBPA|PRKAA1|PRKAA2|LRP5|LCAT|FURIN|CLN8|HDAC9|LMF2|LMF1|INS|POLD1|RALY|MBTPS1|NEGR1|CNBP|PLA2G2A|APOC4|APOC3|APOBR|USF2|USF1|TM6SF2|TTC39B|APOC2|APOC1|ATP13A2|P4HB|MBTPS2","plasma lipoprotein homeostasis","203","ENR","PLASMA LIPOPROTEIN PARTICLE ORGANIZATION%GOBP%GO:0071827,PROTEIN-LIPID COMPLEX ORGANIZATION%GOBP%GO:0071825,PLASMA LIPOPROTEIN REMODELING%REACTOME DATABASE ID RELEASE 93%8963899,PROTEIN-LIPID COMPLEX ASSEMBLY%GOBP%GO:0065005,TRIGLYCERIDE HOMEOSTASIS%GOBP%GO:0070328,LIPOPROTEIN METABOLISM%REACTOME DATABASE ID RELEASE 93%174824,LIPID HOMEOSTASIS%GOBP%GO:0055088,REGULATION OF PLASMA LIPOPROTEIN PARTICLE LEVELS%GOBP%GO:0097006,CHOLESTEROL HOMEOSTASIS%GOBP%GO:0042632,STEROL HOMEOSTASIS%GOBP%GO:0055092,ACYLGLYCEROL HOMEOSTASIS%GOBP%GO:0055090","2.1727","0.0",,"0","0","false",
"8","2.8557440017622855","2.8557440017622855","2.8557440017622855","1.0","1","0.8752","0.002","0.079","UGT1A10|MPO|CYP2D6|LRAT|GGT1|PTGDS|SULT2A1|PDIA2|DGAT1|UGT2B15|PDIA6|PDIA4|CYP2U1|DNAJB11|ERP29|CYP2E1|PPIB|CES2|ABCG2|CES1|PTGES|SLC22A6|ABCB1|RETSAT|ALOX15|GSTT1|ALOX12|CYP2C19|HSP90B1|SULT1A1|SLCO1B1|CYP2B6|RDH12|RDH11|RDH16|LTA4H|SULT1A4|CYP2J2|SDF2L1|HSPA5|EPHX2|CYP4F2|CYP4F3|CYP4F8|ALOX15B|RPE65|CYP26A1|CYP2C9|CYP2C8|PRXL2B|CYP1A2|TBXAS1|HYOU1|SLC22A8|TOP2A|TOP2B|RDH8|ABCC3|ABCC4|CBR1|ABCC1|ABCC2|GPX1|PTGIS|UGT1A1|ABCC5|PLA2G4B|CYP3A43|CYP4A11|CYP2A7|CYP2A6|ALDH1A2|ALDH1A1|UGT2B4|TOP1|UGT2B7|GSTP1|ADH1A|ALOX12B|CYP3A4|PTGS2|LTC4S|CYP3A5|PTGS1|CYP3A7|SULT1E1|AWAT1|CYP2A13|ALOX5|UGT1A3|UGT1A9|BCO1|UGT1A6|BCHE|AKR1C3|DHRS3|DHRS4|DHRS9|PNPLA4","pathway etoposide irinotecan","99","ENR","ACETAMINOPHEN METABOLISM PATHWAY%PATHWHIZ%PW000616,ETOPOSIDE ACTION PATHWAY%SMPDB%SMP0000442,IRINOTECAN ACTION PATHWAY%PATHWHIZ%PW000238,ETOPOSIDE METABOLISM PATHWAY%PATHWHIZ%PW000577,VITAMIN A DEFICIENCY%SMPDB%SMP0000336,RETINOL METABOLISM%SMPDB%SMP0000074,IBUPROFEN ACTION PATHWAY%SMPDB%SMP0000086,IRINOTECAN METABOLISM PATHWAY%SMPDB%SMP0000600","2.1163","0.0",,"0","0","false",
"9","2.8085188461459474","2.8085188461459474","2.8085188461459474","1.0","1","0.848","6.0E-4","0.013","GLTP|TMEM41B|PITPNB|PITPNA|ABCA12|ABCA13|LIPA|TSKU|LIPC|SCP2|LIPG|PIP4K2A|MFSD2B|SLCO1B3-SLCO1B7|MFSD2A|STARD3|CPT1A|STARD4|STARD5|ACSL1|ACSL6|ACSL5|SLC51A|ACSL3|SLC51B|CPT1B|RBP7|ABCA10|SLC5A8|RBP4|RBP5|RBP2|SOAT1|SOAT2|RBP1|VDAC2|RELCH|CES1|CETP|SLC22A6|ABCB1|PLEKHA8P1|CRABP2|SLC22A2|ABCB4|SLC22A1|MTTP|CRABP1|FABP5P3|APOM|TTPA|APOH|APOF|APOE|APOB|PRELID3A|PRELID3B|LYN|VAT1|SLC10A4|ABCA1|ABCA2|MSR1|SLC10A5|PRELID2|SLC10A6|PRELID1|ACE|CHKA|ABCA5|ABCA6|SLC10A1|ABCA3|SLC10A2|ABCA4|SLC10A3|ABCA9|ABCA7|ABCA8|XKR8|SPART|XKR7|STAR|XKR4|SLC22A8|SLC22A7|XKR6|SLC22A9|PCSK9|ABCC11|ARV1|TNFAIP8L3|CD36|LDLRAP1|SLC22A11|LYPLA1|STARD3NL|ANO6|NME4|ANO7|SLC22A24|PLSCR1|CEACAM1|PLSCR3|PITPNM1|PLSCR2|PLSCR5|PLSCR4|PMP2|PPARG|PPARD|GRAMD1C|GRAMD1B|STX12|GRAMD1A|SLC66A2|PLPPR4|ABCB11|LDLR|APOL2|PNPLA8|SORT1|AKR1C1|FABP9|NR1H4|AKR1C4|PLEKHA8|FABP1|FABP2|FABP3|FABP4|FABP5|SLCO3A1|FABP6|FABP7|GHRL|ESYT1|SCARB2|SCARB1|SLC27A1|ATP8A2|ATP8A1|FABP12|CLU|SLCO2B1|OSBP|ABCG8|MYLIP|ABCG5|SPNS2|ATP11C|ATP11B|ATP11A|GLTPD2|SLCO2A1|PLA2G10|SPNS1|SLC27A6|SLC27A3|LPA|SLC27A2|ABCG4|ABCG1|SLC27A5|ARL8B|SLC27A4|SLCO1B1|NPC1L1|SLCO1B3|PSAP|DRD2|CERT1|DRD3|PLTP|DRD4|STRA6|OSBPL8|ATP8B4|ATP8B3|ATP8B2|OSBPL5|ATP8B1|CAV1|GOT2|OSBPL2|INHBA|BLTP1|SYT7|SLCO1A2|NMUR2|SERINC3|SERINC2|SERINC5|ABCD4|ABCD2|ABCD3|SLC2A1|PCTP|DBI|TRIAP1|PITPNC1|GM2A|CPT2|BDKRB2|SPX|SERAC1|LBP|ABCD1|ABCC3|ABCC4|ABCC1|TRPC5|ABCC2|APOA2|APOA1|APOA4|SLCO1B7|APOA5|SLCO1C1|SLC25A17|NPC1|NPC2|CPTP|RFT1|STOML2|BLTP3B|PLA2G1B|ATP10D|VPS4A|ATP10B|LCAT|ATP10A|CLN8|CLN3|SLC25A20|ATP9B|ATP9A|TMEM30A|TMEM30B|NOS2|APOC3|SGPP1|TPCN2|P2RX7|TSPO2|VAPA|RPS6KB1|VAPB|APOC2|LEP|APOC1","intracellular sterol transport","251","ENR","LIPID TRANSPORT%GOBP%GO:0006869,FATTY ACID TRANSPORT%GOBP%GO:0015908,LONG-CHAIN FATTY ACID TRANSPORT%GOBP%GO:0015909,LIPID LOCALIZATION%GOBP%GO:0010876,INTRACELLULAR STEROL TRANSPORT%GOBP%GO:0032366,FATTY ACID AND LIPOPROTEIN TRANSPORT IN HEPATOCYTES%WIKIPATHWAYS_20250810%WP5323%HOMO SAPIENS,INTRACELLULAR LIPID TRANSPORT%GOBP%GO:0032365,INTRACELLULAR CHOLESTEROL TRANSPORT%GOBP%GO:0032367","2.1886","0.0",,"0","0","false",
"10","2.886056647693163","2.886056647693163","2.886056647693163","1.0","1","0.8183","2.0E-4","0.004","RTCB|SCAMP5|CREB3L3|CREB3L1|CREB3L2|TRIM25|FBXO6|CHAC1|CDK5RAP3|DAXX|FBXO2|ATG10|YOD1|BHLHA15|RNF126|DDIT3|TRIM13|TRIB3|ATF6|TP53|OPTN|ATF3|CFTR|ATF4|RNF121|TMEM238L|FICD|HSPA4L|TMTC3|PIK3R2|PIK3R1|UBE2J2|RPAP2|TMTC4|UBE2J1|HSPH1|SERPINH1|SCAP|EDEM3|XBP1|JUN|EDEM1|EDEM2|EIF2AK3|ERLIN1|PARP16|ERLIN2|MANF|TBL2|NPLOC4|RNF103|HYOU1|CALR|HERPUD2|TRAM1|FAF1|FAF2|SGF29|HERPUD1|BBC3|SERP2|SERP1|AIFM1|UBXN8|UFD1|SEC61B|UBXN4|UBXN6|PARP6|SREBF1|PACRG|SIRT1|SREBF2|PARP8|TMEM33|CANX|UFC1|PRKN|DERL3|DERL1|DERL2|ECPAS|ERMP1|RNF139|OS9|TMEM67|HSF1|AGR2|MARCHF6|BCAP31|HSPA1L|F12|DAB2IP|SYVN1|TMUB1|UBE2G2|TMCO1|TMUB2|ERP44|RNF145|ABCB10|PSMC6|JKAMP|ANKS4B|HSPA1A|ERO1A|FBXO27|AUP1|TM7SF3|CLU|CLGN|SESN2|MAP3K5|PDIA3|PDIA2|AFG2B|FBXO17|DNAJB12|UBE4A|DNAJB14|UBE4B|NCCRP1|PDIA6|PDIA4|ERN1|ERN2|SELENOS|TMEM258|TMEM259|TMX1|ERP27|FAM8A1|VCP|BRSK2|KLHL15|INSIG2|CUL3|UBA5|INSIG1|ALOX15|SEL1L|UBR4|ITPR1|SEL1L2|FBXO44|HSP90B1|BAG6|ATXN3|BCL2L11|BAG3|DDRGK1|UBR5|TMEM129|RNF175|ANKZF1|NIBAN1|EIF2B5|HSPA8|AKIRIN2|TOR1A|HSPA5|HSPA4|RHBDD2|WFS1|RHBDD1|CAV1|SEC16A|HSPA6|TNFRSF10B|HSPA2|TOR1B|EIF2S1|DNAJC18|UBE2W|UBXN10|TMEM117|DNAJC10|BCL2|STT3B|RNF183|RNF186|RNF185|NFE2L2|EIF4G1|CREBZF|GSK3B|CALR3|HSP90AB1|DDX3X|CXCL8|HSPB8|RASGRF2|CCDC47|HSPB7|LOC122513141|RASGRF1|HSPB2|ATP2A3|HSPB1|ATP2A2|ATP2A1|ARHGEF10L|HSPB3|UFL1|MAN1A2|CASP4|NCK2|MAN1A1|TTC23L|NCK1|GET4|HSP90AA1|TRAF2|RCN3|DNAJC3|CREB3|TMBIM4|GORASP2|DNAJC4|TMBIM6|MAN1B1|PPP1R15A|PPP1R15B|CEBPB|ATF6B|HM13|ASB11|RNF7|SELENOK|RNF5|THBS1|HDAC6|USP19|THBS4|HSPD1|DNAJB2|DNAJB1|ERLEC1|FOXRED2|DNAJB5|DNAJB4|MAN1C1|UBQLN1|DNAJB9|BAK1|UBQLN2|MBTPS1|PTPN1|AMFR|SGTA|HSPE1|DNAJA1|UFM1|VAPB|CTH|BAX|QRICH1|STUB1|P4HB|MBTPS2","cellular topologically incorrect","260","ENR","RESPONSE TO TOPOLOGICALLY INCORRECT PROTEIN%GOBP%GO:0035966,RESPONSE TO ENDOPLASMIC RETICULUM STRESS%GOBP%GO:0034976,CELLULAR RESPONSE TO UNFOLDED PROTEIN%GOBP%GO:0034620,ER-NUCLEUS SIGNALING PATHWAY%GOBP%GO:0006984,CELLULAR RESPONSE TO TOPOLOGICALLY INCORRECT PROTEIN%GOBP%GO:0035967,RESPONSE TO UNFOLDED PROTEIN%GOBP%GO:0006986,ENDOPLASMIC RETICULUM UNFOLDED PROTEIN RESPONSE%GOBP%GO:0030968","2.2344","0.0",,"0","0","false",
"21","2.72114090838645","2.72114090838645","2.72114090838645","1.0","1","0.7777","0.004","0.181","CALR3|FAF1|FBXO27|CCDC47|FAF2|AUP1|HERPUD1|CLGN|MAN1A2|UBXN8|UFD1|TRIM25|MAN1A1|FBXO6|SEC61B|UBXN4|UBXN6|GET4|AFG2B|FBXO2|FBXO17|DNAJB12|UBE4A|YOD1|UBE4B|NCCRP1|RCN3|SELENOS|CANX|TRIM13|MAN1B1|ATF6|FAM8A1|RNF121|PRKN|VCP|BRSK2|HM13|DERL3|SEL1L|DERL1|DERL2|UBE2J2|SEL1L2|FBXO44|RNF5|USP19|HSP90B1|ECPAS|UBE2J1|BAG6|ERLEC1|FOXRED2|OS9|RNF139|TMEM67|TMEM129|MAN1C1|UBQLN1|DNAJB9|RNF175|ANKZF1|MARCHF6|UBQLN2|EDEM3|XBP1|TOR1A|HSPA5|RHBDD2|WFS1|RHBDD1|AMFR|EDEM1|EDEM2|SGTA|SYVN1|ERLIN1|TMUB1|ERLIN2|UBE2G2|TMUB2|RNF145|NPLOC4|PSMC6|RNF103|UBXN10|JKAMP|DNAJC10|STUB1|CALR|STT3B|RNF185","cytosol retrograde erad","92","ENR","ENDOPLASMIC RETICULUM TO CYTOSOL TRANSPORT%GOBP%GO:1903513,RETROGRADE PROTEIN TRANSPORT, ER TO CYTOSOL%GOBP%GO:0030970,ERAD PATHWAY%GOBP%GO:0036503","2.0748","0.0",,"0","0","false",
"22","2.7542691190984208","2.7542691190984208","2.7542691190984208","1.0","1","0.6917","0.0128","0.791","SCARB1|IRS2|ZDHHC8|TMEM97|ALKBH7|ABCA12|TNF|ABCA13|SCP2|AKT2|ZC3H12A|LIPG|TNFSF11|AKT1|FBXW7|ACSL1|ADIPOQ|ACSL5|PRAP1|DISP3|PLA2G10|AGTR1|PLA2R1|ABCG1|CES1|FTO|CETP|SAR1B|ABCB4|LPL|ABHD5|TNFRSF11A|CYP19A1|CRHR1|C3|GALR1|APOE|APOB|PLTP|ABCA1|MSR1|ABCA2|NUS1|FIS1|NMB|PRELID1|OSBPL6|ABCA5|CAV1|CYP4F2|ABCA3|PTCH1|SURF4|ABCA7|ABCA8|NFKB1|EHD1|NFKBIA|GDF9|IL6|EPRS1|KCNK9|YJEFN3|ITGB3|HILPDA|PCSK9|TREM2|DBI|FASLG|TRIAP1|ARV1|SHH|C1QTNF1|TSPO|ITGAV|LDLRAP1|IKBKE|NKX3-1|AVPR1B|ANXA2|SYK|CYP4A11|APOA2|APOA1|APOA4|SIRT1|SREBF2|GAL|IL1B|CRH|PLIN3|PLIN2|PPARG|VSTM2A|PPARA|PLIN5|PPARD|CRP|PRKN|LRP1|NAXE|PON1|GPS2|THBS1|REPIN1|RXRA|SPP1|TMEM30A|NR1H2|NR1H3|APOC3|AGT|TTC39B|POMC|EEPD1|FABP3|P2RX4|APOC2|LPCAT3|APOC1|GHRL|LAMTOR1|PTPN2","localization lipid storage","123","ENR","REGULATION OF LIPID STORAGE%GOBP%GO:0010883,REGULATION OF LIPID LOCALIZATION%GOBP%GO:1905952,POSITIVE REGULATION OF LIPID LOCALIZATION%GOBP%GO:1905954","1.9578","0.0",,"0","0","false",
"0","2.886056647693163","2.886056647693163","2.886056647693163","1.0","1","0.7707","0.0039","0.166","TRADD|NLRC3|NOD2|HACD3|RELA|RELB|IKBKB|TRIM8|TBK1|PRDX4|IRAK1|IRAK2|EP300|RIPK1|ERC1|IKBKG|MAP3K7|CHUK|RIPK2|NFKB1|NFKB2|NFKBIA|TRAF6|BCL3|TLR9|REL|TLR8|TLR7|ADAM8|CARD11|BIRC2|BIRC3","canonical NF-kappaB signal transduction","32","ENR","CANONICAL NF-KAPPAB SIGNAL TRANSDUCTION%GOBP%GO:0007249","2.0799","0.0",,"0","0","false",
"0","2.886056647693163","-2.886056647693163","2.886056647693163","-1.0","1","-0.5152","0.0299","0.824","CDA|DPYS|ZNRD1|ENPP1|HEL74|TK1|ENPP3|POLE|ENTPD1|ENTPD3|CAD|NME2|NME3|CTPS2|NME4|CTPS1|DCTD|RRM2B|NME6|POLR1A|NME7|POLR1C|DPYD|POLR1D|CMPK1|CMPK2|UPRT|POLR1F|UMPS|DCTPP1|PRIM2|DTYMK|PRIM1|TYMS|TYMP|POLD3|POLD4|POLR2A|POLR2B|POLR2C|POLR2D|POLD2|NT5M|POLR2G|POLR2H|POLR2I|POLR2J|POLR2K|POLR2L|POLR2J3|DUT|RRM1|RRM2|PNPT1|POLR2J2|POLR3GL|DHODH|POLE4|POLA1|POLA2|UCK2|UCK1|POLR3A|POLR3B|POLR3C|POLE2|POLR3D|POLE3|POLR3F|POLR3G|POLR3H|POLR3K","Pyrimidine metabolism","72","ENR","PYRIMIDINE METABOLISM%WIKIPATHWAYS_20250810%WP4022%HOMO SAPIENS","-1.8763","0.0",,"0","0","false",
"0","2.886056647693163","2.886056647693163","2.886056647693163","1.0","1","0.5447","0.0284","0.994","ERO1A|SCARB1|HEL-S-278|ERRFI1|TES|HEL-S-75|ZNF292|RORA|ENO1|ENO2|RBPJ|NR3C1|ENO3|CTGF|MT2A|ZFP36|DPYSL4|KIF5A|PIM1|CCN5|PDK3|FOXO3A|IGFBP1|TPD52|BNIP3L|PRKCA|MIF|JMJD6|HEL-S-89N|SAP30|TPST2|SULT2B1|BCAN|ADFP|PPP1R3C|LOX|ILVBL|DDIT3|DDIT4|RRAGD|PKP1|S100A4|KDELR3|ATF3|MT1E|LXN|SDC4|SDC2|SDC3|BHLHB2|STC1|AK4|HEL-S-68P|PRDX5|LARGE|STC2|LYZG|HMOX1|PCK1|B4GALNT2|PPARGC1A|ANKZF1|JUN|TIPARP|SIAH2|HEL-S-133P|B3GALT6|KLHL24|CP|FOSL2|ISG20|EXT1|EFNA1|EFNA3|IL6|P4HA1|P4HA2|MAFF|BCL2|TGFBI|HEL-S-162EP|CDKN1C|SLC25A1|SRPX|CDKN1A|BTG1|CDKN1B|CITED2|NCAN|HEXA|HEL-S-134P|TNFAIP3|PYGM|ADM|SLC2A3|VLDLR|HK2|CYR61|BRS3|AKAP12|GYS1|CSRP2|CASP6|STBD1|PGM2|ATP7A|SLC37A4|EDN2|ANXA2|GAA|PGAM2|PLAUR|AMPD3|FOS|F3|DCN|HEL-S-19|ADORA2B|MYH9|ANGPTL4|ALDOB|FBP1|TMEM45A|CHST3|PPP1R15A|KDM3A|DGIC|CXCR4|GLRX|EGFR|NFIL3|GPC1|NOCT|HAS1|MXI1|GCNT2|GPC3|VHL|GPC4|CA12|MAP3K1|HEL-S-87P|PKLR|CAVIN1|CAVIN3|TPBG|GCK|HS3ST1|PNRC1|HEL-S-49|VEGFA|KLF7|KLF6|PFKL|NAGK|XPNPEP1|CCNG2|ACKR3|INHA|PFKP","HALLMARK_HYPOXIA","160","ENR","HALLMARK_HYPOXIA%MSIGDBHALLMARK%HALLMARK_HYPOXIA","1.8746","0.0",,"0","0","false",
"0","2.886056647693163","2.886056647693163","2.886056647693163","1.0","1","0.5991","0.0254","0.988","SLC35F6|ATF2|GSK3B|ARHGAP11B|GSK3A|ACAA2|SLC25A2|LRRK2|MPV17L|MTRNR2L5|ALKBH7|TMEM102|CPT2|MPC1|MPC2|FLVCR1|SLC25A40|ZNF205|VPS35|TMEM14A|BOK|STPG1|STARD3|BNIP3L|CPT1A|HSP90AA1|MUL1|CPT1B|SLC25A16|SLC25A15|PPIF|VDAC2|VDAC1|SLC25A5|SLC25A4|SLC25A6|SLC25A13|PRKN|RTL10|CAMK2A|NAIF1|UCP1|SPG7|SLC25A29|RHOT2|RHOT1|UCP3|BLOC1S2|UCP2|THEM4|MPC1L|PMAIP1|SLC25A20|BAK1|SLC25A24|BAD|MTX2|BNIP3|HIP1R|FZD9|SLC25A38|PINK1|ABCB10|SLC25A39|SFXN3|BCL2|SFXN4|SFXN1|SFXN2|SLC25A31|SFXN5|BCL2L1|HSPA1A","mitochondrial transport","73","ENR","MITOCHONDRIAL TRANSPORT%GOBP%GO:0006839","1.8866","0.0",,"0","0","false",
"0","2.886056647693163","2.886056647693163","2.886056647693163","1.0","1","0.7602","4.0E-4","0.007","STEAP3|TFRC|SLC40A1|CISD1|SAT2|SLC7A11|BACH1|MAP1LC3A|MAP1LC3C|AIFM2|FTH1|SLC39A8|HEL-S-102|SLC38A1|GPX4|ACSL1|DKFZP762B153|SLC11A2|ACSL6|FACL4|ACSL5|CYBB|ACSL3|SLC39A14|POR|VDAC3|CHMP6|CHMP5|FTL|HEL-S-64P|ALOX15|IREB2|SLC3A2|HMGCR|DPP4|FTMT|CBS|PCBP1|PHKG2|HMOX1|FDFT1|ATG5|PRNP|AKR1C1|AKR1C2|CP|GCLC|COQ2|TF|CTH|LPCAT3|NOX4|GCLM","Ferroptosis","53","ENR","FERROPTOSIS%WIKIPATHWAYS_20250810%WP4313%HOMO SAPIENS","2.2195","0.0",,"0","0","false",
"0","2.886056647693163","2.886056647693163","2.886056647693163","1.0","1","0.8287","7.0E-4","0.019","SLC27A1|UCP1|AQP7|LPL|NR1C1|DBI|CYP7A1|NR1C2|RXRB|FADS2|RXRA|CPT2|UBC|ME1|OLR1|CD36|PCK1|RXRG|PLTP|PCK2|PDPK1|ACSL1|CYP4A11|APOA2|APOC3|NR1H3|CPT1C|APOA5|CYP8B1|HEL-S-28|CYP27A1|FABP1|FABP4|SCD|ACOX1|EHHADH|PPARG|ANGPTL4|PLIN1|SLC27A5|SLC27A4","PPAR signaling","41","ENR","PPAR SIGNALING%WIKIPATHWAYS_20250810%WP3942%HOMO SAPIENS","2.1719","0.0",,"0","0","false",
"0","2.4814860601221125","2.4814860601221125","2.4814860601221125","0.9967","1","0.7697","0.0358","0.999","PPP1R15A|CEBPB|EIF2AK1|CEBPG|ASNS|EIF2S2|EIF2S1|EIF2S3|DDIT3|GRB10|TRIB3|CHAC1|ATF5|ATF3|ATF4","Response of EIF2AK1 (HRI) to heme deficiency","15","ENR","RESPONSE OF EIF2AK1 (HRI) TO HEME DEFICIENCY%REACTOME%R-HSA-9648895.4","1.8472","0.0033",,"0","0","false",
"0","2.886056647693163","2.886056647693163","2.886056647693163","1.0","1","0.8072","0.0094","0.571","PID1|GLDC|IRS1|UCP1|ILDR1|LPL|FOXO3|FOXO1|ZC3H12A|PDK4|PDK3|FFAR3|FFAR2|SOX9|CD36|FFAR1|DGAT2|KCNK10|AKR1C1|OR51E2|PRKCD|NR1H4|AKR1C3|AKR1C2|AKR1C4|PPP5C|SCD|KCNK2|KCNK4","response to fatty acid","29","ENR","RESPONSE TO FATTY ACID%GOBP%GO:0070542","1.9962","0.0",,"0","0","false",
"0","2.886056647693163","2.886056647693163","2.886056647693163","1.0","1","0.8025","0.0047","0.236","CXCL8|CSF2|BCL2A1|PTGS2|CXCL2|TNF|RELA|RELB|IKBKB|CCND1|EGLN2|VCAM1|CHUK|MMP2|MMP3|SELE|MMP9|NFKB1|IL2|VEGFA|NFKB2|TNFRSF1A|IL1A|IL6|CD40LG|TRAF6|IL1B|REL|BIRC5|BCL2L2|BIRC2|BIRC3","Photodynamic therapy induced NF kB survival signaling","32","ENR","PHOTODYNAMIC THERAPY INDUCED NF KB SURVIVAL SIGNALING%WIKIPATHWAYS_20250810%WP3617%HOMO SAPIENS","2.0587","0.0",,"0","0","false",
"0","2.886056647693163","2.886056647693163","2.886056647693163","1.0","1","0.6826","0.0098","0.62","CXCL6|IFITM1|CXCL9|CXCL8|CSF2|TRADD|CXCL17|CXCL1|CXCL3|CXCL13|CXCL2|TNF|CXCL5|IFIT2|CASP8|TBK1|AP1G1|DHX58|EP300|TRIM25|IL6R|JAK1|HAVCR2|IFNAR2|IL10|LAG3|TRAF2|HEMMPRIN|ACE2|IRF3|TRAF3|TRAF6|TRAF5|IRF7|TLR7|NUP98|IFNAR1|HDAC2|TANK|IL8RB|LARP1|CCL5|CCL4|CCL3|CCL2|RIPK1|FADD|RAE1|TFAP2A|TGFB1|CD160|STAT1|IFNB1|STAT2|MX1|PPBP|NFKB1|MAVS|CXCL11|IL6|CXCL12|TP53I3|RIGI|PF4","SARS CoV 2 innate immunity evasion and cell specific immune response","64","ENR","SARS COV 2 INNATE IMMUNITY EVASION AND CELL SPECIFIC IMMUNE RESPONSE%WIKIPATHWAYS_20250810%WP5039%HOMO SAPIENS","1.9882","0.0",,"0","0","false",
"0","2.886056647693163","2.886056647693163","2.886056647693163","1.0","1","0.8678","2.0E-4","0.004","GCDH|ACADVL|ECHS1|ACSS2|LPL|ACAT1|LIPF|LIPC|CPT2|ACADL|ACADM|SLC25A20|ACADS|DECR1|CPT1A|CHKB|ACSL1|FACL4|ACSL6|ACSL5|ACSL3|HEL-S-49|HADHB|GPD2|DLD|CRAT|PNPLA2","Fatty acid beta oxidation","27","ENR","FATTY ACID BETA OXIDATION%WIKIPATHWAYS_20250810%WP143%HOMO SAPIENS","2.2258","0.0",,"0","0","false",
"0","2.318758762624413","2.318758762624413","2.318758762624413","0.9952","1","0.7325","0.0379","0.999","ABHD4|ALOX15|PLA2G3|PLA2G6|SELENOI|CEPT1|PLA2G2D|PCYT2|CHKB|CHKA|PLA2G4E|PNPLA8|PLA2G2A|PLAAT1|PLAAT3|PLAAT2|PLAAT5|PLAAT4|PISD|PLA2G15|ETNK2|ETNK1|NAAA|PLA2G10|NAPEPLD|LPIN1","phosphatidylethanolamine metabolic process","26","ENR","PHOSPHATIDYLETHANOLAMINE METABOLIC PROCESS%GOBP%GO:0046337","1.8402","0.0048",,"0","0","false",
"0","2.5228787452803374","2.5228787452803374","2.5228787452803374","0.997","1","0.6942","0.0304","0.996","ATF2|CD3G|CD3E|CD3D|PPP3CA|IL18RAP|IL12B|IL12A|CCR5|B2M|MAP2K3|SPHK2|IL1R1|RIPK2|IL18|CD8B1|FOS|HLA-A|TYK2|IFNG|CD8A|LCK|IL1B|RAB7A|IL2RG|RELA|RELB|PPP3R1|SOCS1|HLX|TBX21|CCL4|STAT4|CCL3|IL12RB1|MAP2K6|NOS2|GADD45B|STAT1|GZMA|STAT3|MAPK14|NFKB1|IL2|MTOR|NFKB2|GADD45G|IL4|TNFSF6|IL2RA|IL2RB|HLA-DRA|IL18R1","PID_IL12_2PATHWAY","53","ENR","PID_IL12_2PATHWAY%MSIGDB_C2%PID_IL12_2PATHWAY","1.8678","0.003",,"0","0","false",
"0","2.886056647693163","2.886056647693163","2.886056647693163","1.0","1","0.6602","0.0271","0.992","ATF2|CDKN1A|CXCL8|PTEN|KEAP1|NRF1|PTGS2|TNF|FOXO1|IKBKB|MAPK8|RPS6KA5|CHEK1|HMOX1|IKBKG|MAP3K5|MAP2K3|NQO1|MAP2K4|NOS2|GSX1|TSC1|FOS|MAPK14|IPCEF1|SIRT1|NFKB1|MTOR|IL1A|IL6|PINK1|CREB1|PIK3CA|CCNE1|RHEB|PIP|CDK2|MDM2|BCL2|BCL2L1|ATR|NFE2L2","Molecular pathway for oxidative stress","42","ENR","MOLECULAR PATHWAY FOR OXIDATIVE STRESS%WIKIPATHWAYS_20250810%WP5477%HOMO SAPIENS","1.8807","0.0",,"0","0","false",
"0","2.886056647693163","2.886056647693163","2.886056647693163","1.0","1","0.7421","2.0E-4","0.002","SCARB1|GSK3A|HEL-S-32|PRKAG1|PRKAG2|DBI|MED15|PRKAG3|YY1|CAMP|PRKAB2|HMGCS1|PRKAB1|SIRT1|SREBF2|ACLY|RBP4|CREB1|PIK3CA|PPARG|MVD|IDI1|SEC23A|PRKAA1|PRKAA2|SAR1A|SAR1B|INSIG1|LPL|HMGCR|ACACA|INS|RNF139|ACSS1|SEC23B|LDLR|PPARGC1B|SEC31B|FDFT1|FGF21|SEC31A|FDPS|MBTPS1|NFYA|NR1H2|AMFR|CYP51A1|MTOR|SQLE|CDK8|GPAM|SCD|SP1|FASN|LPIN1|SEC24C|MBTPS2","Sterol regulatory element binding proteins SREBP signaling","57","ENR","STEROL REGULATORY ELEMENT BINDING PROTEINS SREBP SIGNALING%WIKIPATHWAYS_20250810%WP1982%HOMO SAPIENS","2.2424","0.0",,"0","0","false",
"0","2.1739251972991736","2.1739251972991736","2.1739251972991736","0.9933","1","0.7412","0.0497","1.0","BCAP31|SEC16B|BRSK2|TMEM30A|TMEM30B|CD81|INSIG1|EDEM1|DERL3|EDEM2|DERL2|GCC2|YOD1|UBE2G2|SLC51B|SORL1|SVIP|TM9SF4|UBE2J1|UBAC2|ERLEC1|OS9","regulation of protein exit from endoplasmic reticulum","22","ENR","REGULATION OF PROTEIN EXIT FROM ENDOPLASMIC RETICULUM%GOBP%GO:0070861","1.804","0.0067",,"0","0","false",
"0","2.886056647693163","2.886056647693163","2.886056647693163","1.0","1","0.5978","0.0239","0.979","CHRM2|HEL2|IL1RN|VIPR2|RORA|AQP4|NR3C1|TNF|SOX2|C4A|GJA1|MYB|EP300|PKNOX1|IL6R|CHRNB2|CPT1A|MEF2C|CHRNB4|TSPYL1|RUNX3|POU3F2|NR3A2|SLC9A3|PRKAR1B|PRKAR1A|LMX1B|TPH2|ADCYAP1R1|DLX2|TPH1|MAOA|CHRNA7|CHAT|CREM|BHLHB2|SLC1A3|GATA3|GATA2|C4B_2|HIF1A|NEUROD1|MAP2|DEAF1|SCN3B|PPARGC1A|PPARGC1B|SPTBN1|NKX2-2|EGR1|JUN|CREBBP|CAV3|BDNF|POU2F2|G6PC1|PHOX2B|NFKB1|PBX1|PHOX2A|NFKB2|TF|IL6|TLX3|TH|SP1|PAH|FEV|SP3|GNB3|TCF3|HEL-S-162EP|CC2D1A|TP73|RET|SNAP25|RYR2|CXCL8|ECE1|HTR2A|CTCF|YBX1|FOXM1|YWHAQ|CASP3|HEL-S-1|FREP1|SCN5A|ACADM|YWHAG|NKX3-1|SNTA1|IL10|IL13|EN1|TACR1|NGF|SSTR2|YWHAZ|POU5F1|HADHB|IL1A|CREB1|IL1B|NOS1AP|AVP|SLC25A4|SCN4B|VAMP2|CEBPB|DDC|HDAC1|ASCL1|HDAC9|HSPD1|NR1A2|HES1|HES5|NTRK2|HEL-S-87P|NFYA|KCNJ8|GCK|VEGFA|HEL-S-125M|GRIN1|REST|SST|CTNNB1|GPD1L|5HT1A","Sudden infant death syndrome SIDS susceptibility pathways","131","ENR","SUDDEN INFANT DEATH SYNDROME SIDS SUSCEPTIBILITY PATHWAYS%WIKIPATHWAYS_20250810%WP706%HOMO SAPIENS","1.8935","0.0",,"0","0","false",
"0","2.886056647693163","2.886056647693163","2.886056647693163","1.0","1","0.7618","0.0284","0.994","FOXA1|CEBPA|CEBPB|ACADVL|ALAS1|TFRC|CEBPD|SLC2A2|AFP|NR3C1|HEL111|INS|NR2A1|UCP2|NKX2-1|ACADM|PCK1|IGFBP1|CPT1A|HMGCS1|PKLR|FOXF1|ABCC8|PDX1|HNF1A|CPT1C|F2|G6PC1|GCK|CREB1|BDH1|SP1|ALB|NF1|ALDOB|TCF2|FOXA3|FOXA2","PID_HNF3B_PATHWAY","38","ENR","PID_HNF3B_PATHWAY%MSIGDB_C2%PID_HNF3B_PATHWAY","1.8739","0.0",,"0","0","false",
"0","2.8239087409443187","2.8239087409443187","2.8239087409443187","0.9985","1","0.6751","0.0182","0.928","CDKN1A|CXCL8|LEF1|BRCA1|PTGS2|HIF1A|CASP9|MAPK8|CXCR1|CCND1|FRZB|CASP3|MYC|E2F2|RAC1|IL6R|MAPK3|JAK1|JUN|SMAD4|TGFB1|RRM2|NOS2|MYOF|STAT3|PTPN11|HNF1A|MAPK14|TGFBR1|NFKB1|VEGFA|VAV2|IL6|TNFSF6|COL4A2|BIRC5|GRB2|HEL-117|SOS1|CD44|BCL2L1|BIRC3","Hepatitis C and hepatocellular carcinoma","42","ENR","HEPATITIS C AND HEPATOCELLULAR CARCINOMA%WIKIPATHWAYS_20250810%WP3646%HOMO SAPIENS","1.9244","0.0015",,"0","0","false",
"0","2.795880017344075","2.795880017344075","2.795880017344075","0.9984","1","0.7989","0.0146","0.866","IF2B1|IL23R|RORC|RORA|NOD2|GATA3|IL2RG|TNF|IL-21|HLA-DMA|IL18RAP|TBX21|STAT4|IL21R|IL12A|IL12RB1|IL10|SMAD2|JUN|TGFB1|IFNGR1|STAT1|STAT3|IL13|IL18|NFATC1|FOXP3|NFKB1|IL2|IL4|IL1A|IL6|MAF|IL5|IFNG|IL23A|IL17F|TLR5|TLR4","Inflammatory bowel disease signaling","39","ENR","INFLAMMATORY BOWEL DISEASE SIGNALING%WIKIPATHWAYS_20250810%WP5198%HOMO SAPIENS","1.9435","0.0016",,"0","0","false",
"0","2.886056647693163","2.886056647693163","2.886056647693163","1.0","1","0.6133","0.0223","0.971","SLC23A2|PECR|SLC35B2|SLC23A1|AQP9|CYP46A1|HEL111|PEX26|NR3C2|FADS2|FDXR|LONP2|MLYCD|FADS1|NUDT12|ABCG8|PHYH|ACSL1|DIO1|PIPOX|ACSL5|CYP27A1|SULT2B1|GNPAT|CH25H|HEL-S-53E|SOAT2|RBP1|PEX11G|ABCG4|SLC27A2|SLC27A5|OPTN|IDI1|RETSAT|PRDX5|ATXN1|ISOC1|HAO1|ABCA1|ABCA2|ABCA5|ABCA6|EPHX2|ABCA3|ABCA4|ABCA9|DHCR24|ABCA8|NR0B2|BMP6|SULT1B1|AMACR|PXMP2|SLCO1A2|GCLM|ABCD2|ABCD3|SLC67A1|TFCP2L1|CROT|LOC51064|ABCD1|CYP7B1|HEL-S-26|PEX7|NPC1|LCK|PEX6|EFHC1|AGXT|SLC29A1|PAOX|ALDH9A1|AKR1D1|NR1I2|HSD17B4|HEL-S-182MP|HSD17B6|HSD17B11|CYP7A1|RXRA|GC|RXRG|PEX16|HSD3B7|PEX19|PNPLA8|HSD3B1|NR1H4|BBOX1|HEL-S-44|PEX12|CYP8B1|PEX13|KLF1|NEDD4|ALDH8A1|PFKM","HALLMARK_BILE_ACID_METABOLISM","99","ENR","HALLMARK_BILE_ACID_METABOLISM%MSIGDBHALLMARK%HALLMARK_BILE_ACID_METABOLISM","1.9001","0.0",,"0","0","false",
"0","2.886056647693163","2.886056647693163","2.886056647693163","1.0","1","0.5699","0.0243","0.986","HEL-S-278|ACSM3|ECI2|CPOX|AQP7|UBE2L6|ENO2|ENO3|IL4I1|TDO2|UROD|MLYCD|PIG59|NBN|ACOT8|MIX23|CPT1A|GABARAPL1|ACSL1|ACSL5|SDHC|SDHD|MIF|SDHA|ALDH3A2|ALDH3A1|HEL-S-53E|GPD2|GPD1|SMS|SUCLG2|SUCLG1|GCDH|IDI1|SLC22A5|RETSAT|MAOA|CD1D|ADH7|ADIPOR2|ACAT2|HEL-S-128M|NTHL1|RDH11|HAO2|DECR1|S100A10|PDHA1|UROS|NCAPH2|EPHX1|CIDEA|HEL-S-133P|DHCR24|VNN1|OSTC|FASN|CYP1A1|SERINC1|ACO2|REEP6|ACADVL|HEL-S-32|SETD8|CYP4A22|NR1C1|HCCS|PTPRG|MCEE|CPT2|ACADL|CA4|IDH3B|ME1|HEL-S-107|ACADM|CD36|ACADS|HSDL2|ADSL|HMGCS1|ELOVL5|CYP4A11|HEL-S-25|FACL4|INMT|HEL-S-26|HADHB|UGDH|HEL-76|ACOX1|EHHADH|DLD|MGLL|ALDH9A1|FH|ECHS1|HPGD|ADH1C|ETFDH|HSD17B4|HSD17B11|HSD17B7|LTC4S|HSD17B10|BPHL|PTS|CRYZ|HMGCL|TP53INP2|PCBD1|D2HGDH|ACSS1|H2AZ1|HEL-S-87P|AADAT|MDH2|G0S2|GAD2|GSTZ1|FABP1|FABP2|SUCLA2|APEX1|CRAT|METAP1","HALLMARK_FATTY_ACID_METABOLISM","126","ENR","HALLMARK_FATTY_ACID_METABOLISM%MSIGDBHALLMARK%HALLMARK_FATTY_ACID_METABOLISM","1.8902","0.0",,"0","0","false",
"0","2.5528419686577806","-2.5528419686577806","2.5528419686577806","-0.9972","1","-0.6314","0.024","0.672","CHRNA1|SYNM|PVALEF|RCSD1|TTN|CHRND|CHRNG|MB|CHRNE|TNNI1|MYH14|TNNI2|TNNI3|CHRNB1|CCDC78|STAC|TNNC1|GAA|TNNC2|STAC3|MYH3|JSRP1|TNNT1|TNNT3|STAC2|MYH8|TCAP|MYH7","skeletal muscle contraction","28","ENR","SKELETAL MUSCLE CONTRACTION%GOBP%GO:0003009","-1.9144","0.0028",,"0","0","false",
"0","2.886056647693163","2.886056647693163","2.886056647693163","1.0","1","0.8177","0.0099","0.605","NQO1|CREBBP|SRXN1|TXNRD1|CHD6|SLC7A11|TXN|BACH1|SOD3|GCLC|GSTA3|PRDX1|GSTA1|EP300|HMOX1|MAFK|GCLM|NFE2L2|ATF4","NFE2L2 regulating anti-oxidant detoxification enzymes","19","ENR","NFE2L2 REGULATING ANTI-OXIDANT DETOXIFICATION ENZYMES%REACTOME%R-HSA-9818027.3","1.9909","0.0",,"0","0","false",
"0","2.886056647693163","2.886056647693163","2.886056647693163","1.0","1","0.7935","0.004","0.185","PPP1R15A|YWHAE|KDELR1|GPAA1|INSIG2|INSIG1|LRRK2|MIA3|OS9|DDRGK1|BCAP29|BCAP31|GABARAPL2|SEC16B|PDIA2|HSPA5|SEC16A|GBF1|ANK2|UBAC2|FREY1|STING1|VAPA|RER1|KDELR2|KDELR3","protein localization to endoplasmic reticulum","26","ENR","PROTEIN LOCALIZATION TO ENDOPLASMIC RETICULUM%GOBP%GO:0070972","2.0733","0.0",,"0","0","false",
"0","2.619788758288394","-2.619788758288394","2.619788758288394","-0.9976","1","-0.6882","0.0478","0.966","CRB2|SAMD7|MEGF11|USH1C|LRP5|PTPRM|NRL|RORB|THY1|TSPAN12|DLL1|RS1|SOX8|SOX9|PROM1|BBS4|MFSD2A|SAMD11|TFAP2A|TFAP2B|DSCAM|FOXN4|PROX1|RPGRIP1L|TOPORS|RPGRIP1|SDK1|RBP4|RP1|LHX1|PTF1A|SDK2","retina morphogenesis in camera-type eye","32","ENR","RETINA MORPHOGENESIS IN CAMERA-TYPE EYE%GOBP%GO:0060042","-1.8236","0.0024",,"0","0","false",
"0","2.3279021420642825","2.3279021420642825","2.3279021420642825","0.9953","1","0.7164","0.0456","1.0","BCL2A1|EPO|HEL-S-30|TGFA|SLC2A3|HEL-S-68P|PTGS2|HIF1A|PMAIP1|HIF1AN|BAK1|MCL1|EGLN1|IGFBP1|BNIP3L|EDN1|ANGPT2|PDHA1|NOS2|ANGPT1|BNIP3|IGFBP2|HEL-S-133P|VEGFA|PFKL|BAX|BIRC5|BCL2L1","Photodynamic therapy induced HIF 1 survival signaling","28","ENR","PHOTODYNAMIC THERAPY INDUCED HIF 1 SURVIVAL SIGNALING%WIKIPATHWAYS_20250810%WP3614%HOMO SAPIENS","1.8146","0.0047",,"0","0","false",
"0","2.4814860601221125","2.4814860601221125","2.4814860601221125","0.9967","1","0.751","0.0471","1.0","CSF2|AKAP5|PTGS2|CABIN1|PPP3CA|PPP3R1|CHP1|JUNB|JUN|BATF3|POU2F1|NFATC3|NFATC2|NFATC1|FOS|IL2|FKBP1A|FOSL1|IL4|RCAN1|IL3|CD40LG|TNFSF6|IFNG|IL2RA","PID_TCR_CALCIUM_PATHWAY","25","ENR","PID_TCR_CALCIUM_PATHWAY%MSIGDB_C2%PID_TCR_CALCIUM_PATHWAY","1.8093","0.0033",,"0","0","false",
"0","2.886056647693163","2.886056647693163","2.886056647693163","1.0","1","0.5676","0.0424","1.0","RB1|CNTFR|IRS1|CISD1|IRS4|RORA|AHR|NR3C1|TNF|NAMPT|MEF2C|MBNL1|MEF2B|WNT5B|GTF3A|MIF|HNF1A|PRLR|BSCL2|SFRP4|ADFP|DDIT3|TRIB3|IL6ST|CFD|TWIST1|LPL|GATA4|GATA3|GATA2|HIF1A|FOXO1|ZMPSTE24|SOCS3|SOCS1|DVL1|NDN|PCK1|WNT1|PPARGC1A|PCK2|FZD1|WWTR1|WNT10B|STAT5B|EGR2|TGFB1|GADD45B|GADD45A|NR2F1|LIF|HMGA1|IGF1|BMP4|GH1|BMP3|CYP26A1|BMP2|IL6|BMP1|SP1|ID3|CDKN1A|CELF1|NR1C1|SLC2A4|NR1C2|CYP26B1|NCOA1|PTGIS|KLF15|RBL2|NCOR2|NCOR1|RBL1|CREB1|RARA|PPARG|PLIN1|CEBPA|FOXC2|CEBPB|CEBPD|ASIP|UCP1|RETN|INS|RXRA|FRZB|LMNA|SPOCK1|E2F4|RXRG|MEF2D|GDF10|STAT1|STAT2|STAT3|OSM|NR1H3|KLF7|KLF6|KLF5|SCD|LEP|PNPLA3|CTNNB1|FAS|LPIN1|LPIN2|LPIN3|MIXL1","Adipogenesis","112","ENR","ADIPOGENESIS%WIKIPATHWAYS_20250810%WP236%HOMO SAPIENS","1.8263","0.0",,"0","0","false",
"0","2.886056647693163","2.886056647693163","2.886056647693163","1.0","1","0.7278","0.0","0.0","ERO1A|HEL-S-94N|HEL-S-66P|TES|TFRC|PITPNB|UBE2D3|SLA|PLOD2|ENO1|TMEM97|IFI30|RRP9|TM7SF2|FADS2|TBK1|PNP|NAMPT|FDXR|FADS1|PSPH|MAP2K3|SCAP2|STARD4|IGFBP5|IFRD1|ACSL3|TUBA4A|HEL-S-89N|SYTL2|ACLY|DDX39A|MTHFD2|DDIT3|DDIT4|MTHFD2L|HMBS|TRIB3|NUPR1|HPRT1|AF1Q|SQSTM1|IDI1|PSMD12|FKBP2|NUP205|PSMD13|INSIG1|RPN1|BHLHB2|STC1|PIK3R3|DAPP1|AK4|SLC1A4|CFP|HEL-S-68P|ADIPOR2|CORO1A|ACACA|EBP|RDH11|SSR1|ATP6V1D|NIBAN1|XBP1|SDF2L1|PNO1|HSPA4|EDEM1|PLK1|M6PR|ASNS|HEL-S-133P|DHCR24|EIF2S2|HEL-S-283|CCT6A|DHFR|SQLE|GCLC|COPS5|EPRS1|P4HA1|NMT1|PSMG1|DHCR7|HEL-S-162EP|NFKBIB|GSK3B|BTG2|CDKN1A|ATP2A2|SLC2A3|SLC7A11|VLDLR|ATP5G1|HK2|SERP1|ME1|PHGDH|SLC37A4|CTSC|ACTR3|ACTR2|HMGCS1|ELOVL5|SORD|CACYBP|ELOVL6|TUBG1|UCHL5|HEL-S-69P|HEL-S-26|HEL-75|SLC7A5|PSMA4|CANX|ETF1|BCAT1|EEF1E1|MCM2|PPP1R15A|RAB1A|TOMM40|NUFIP1|USO1|FGL2|CXCR4|GLRX|HMGCR|ADD3|UNG|AURKA|HSPD1|GGA2|NFIL3|SC5D|ABCF2|SEC11A|YKT6|LDLR|CYB5B|EGLN3|NHERF1|RRM2|HEL-S-87P|NFYC|CYP51A1|RPA1|PDAP1|IMMT|HEL-S-51E|HEL-S-99N|HEL-S-49|HEL-S-125M|RIT1|UFM1|PFKL|PSMC6|SCD|PSMC4|PSAT1|CTH|CCNG1|CD9|POLR3G|GLA","HALLMARK_MTORC1_SIGNALING","168","ENR","HALLMARK_MTORC1_SIGNALING%MSIGDBHALLMARK%HALLMARK_MTORC1_SIGNALING","2.5181","0.0",,"0","0","false",
"0","2.886056647693163","2.886056647693163","2.886056647693163","1.0","1","0.5972","0.0221","0.97","ITGB1|GSK3B|CSF3|CXCL8|FLT1|CSF2|HEL113|PTEN|SIX1|CXCL1|CLDN1|CXCL2|TNF|HK2|CXCL5|CRKL|IGF1R|RPS6KA4|RPS6KA3|RPS6KA5|CDH2|IBSP|RPS6KA1|KDR|IL10|HEL-S-102|PDGFRA|CPT1A|MAP2K1|MAP2K2|PARP1|PDPK1|PRKCB|RPS6|FOS|MMP9|ACTA2|CLDN5|ZEB2|SLPI|COL4A1|IL1B|DKFZP781O1323|RAF1|PCNA|PRKAA2|SRC|SHC1|MST1R|PIK3R1|ACACA|RELA|SOCS3|MAPK9|MAPK8|SOCS1|BGLAP|MAPK1|CCL2|PLCG1|PPARGC1A|MAPK3|SMAD2|FZD1|EGR1|WNT10B|SMAD1|JUN|TGFB1|IFNB1|HEL-S-133P|SMAD9|KLK15|SMAD6|MAPK14|NR0B2|NFKB1|MTOR|VEGFA|TJP1|IL6|RPS6KB1|CTNNB1|SNAI2|GRB2|SP7|FGFR1","Macrophage stimulating protein MSP signaling","87","ENR","MACROPHAGE STIMULATING PROTEIN MSP SIGNALING%WIKIPATHWAYS_20250810%WP5353%HOMO SAPIENS","1.9012","0.0",,"0","0","false",
"0","2.886056647693163","2.886056647693163","2.886056647693163","1.0","1","0.6399","0.0119","0.755","ATF2|CDKN1B|CXCL8|CSF2|CRTC1|PTEN|DMP1|NR3C1|ETS1|MT2A|GJA1|CCND1|PLAU|MYC|NPPA|MYB|EP300|TIMP1|CCN1|JUNB|IL10|EDN1|MMP1|DUSP1|FOS|HLA-A|MMP9|ACTA1|ELF1|MAF|CREB1|DMTF1|IFNG|TP53|ATF3|CBFB|GATA2|NTS|HIF1A|BCL2L11|PENK|BAG1|CCL2|EGR1|TCF7L2|JUN|TGFB1|JUND|CDKN2A|NFATC3|NFATC2|NFATC1|ESR1|AGT|IL2|FOSL2|FOSL1|IL4|IL6|COPS5|COL1A2|FABP4|IL5|TH|SP1|MAFG|TRIP6|CDK1|CTNNB1|FOSB","AP-1 transcription factor network","70","ENR","AP-1 TRANSCRIPTION FACTOR NETWORK%PATHWAY INTERACTION DATABASE NCI-NATURE CURATED DATA%AP-1 TRANSCRIPTION FACTOR NETWORK","1.9656","0.0",,"0","0","false",
"0","2.3010299956639813","2.3010299956639813","2.3010299956639813","0.995","1","0.7141","0.0338","0.997","CHUK|RIPK2|UBE2D3|TNFAIP3|PRKCA|BCL10|NOD2|TNF|RELA|MALT1|NFKB1|TNFRSF1A|IKBKB|NFKBIA|CYLD|XPO1|TRAF6|ATM|IKBKG|ERC1|BTRC|RAN|BIRC2","Canonical NF-kappaB pathway","23","ENR","CANONICAL NF-KAPPAB PATHWAY%PATHWAY INTERACTION DATABASE NCI-NATURE CURATED DATA%CANONICAL NF-KAPPAB PATHWAY","1.8567","0.005",,"0","0","false",
"0","2.795880017344075","2.795880017344075","2.795880017344075","0.9984","1","0.7314","0.0454","1.0","MAP2K3|SMAD4|CREBBP|CXCL8|CHUK|NR3C1|MAPK14|TNF|TGFBR1|RELA|NFKB1|TGFBR2|IKBKB|NFKBIA|MAPK11|IL1B|EP300|MAP3K7|MAP3K14|MYD88|MAP2K6","BIOCARTA_NTHI_PATHWAY","21","ENR","BIOCARTA_NTHI_PATHWAY%MSIGDB_C2%BIOCARTA_NTHI_PATHWAY","1.8141","0.0016",,"0","0","false",
"0","2.886056647693163","2.886056647693163","2.886056647693163","1.0","1","0.8544","0.0012","0.039","CD86|CSF3|IL1RN|CXCL8|CSF2|CSF1|CCL3L3|CD80|PTAFR|FPR1|CXCL1|PTGS2|CXCL2|TNF|ICAM1|CCL5|CCL4|CCL3|CCL2|IL12B|IL12A|CCL19|TIMP1|CCR5|JAK1|CCR2|IL10|CCR1|CCL22|IL10RB|CCL20|IL1R1|IL10RA|IL1R2|STAT3|LIF|IL18|TYK2|TNFRSF1B|TNFRSF1A|IL1A|CXCL10|FCER2|IL6|IL1B","Interleukin-10 signaling","45","ENR","INTERLEUKIN-10 SIGNALING%REACTOME DATABASE ID RELEASE 93%6783783","2.1449","0.0",,"0","0","false",
"0","2.2676062401770314","-2.2676062401770314","2.2676062401770314","-0.9946","1","-0.7071","0.0215","0.487","TRUB2|TRMT10C|NSUN4|MTERF3|FASTKD2|PRORP|ELAC2|MTERF4|TFB1M|MRM1|HSD17B10|MRM2|RCC1L|MRM3|RPUSD4|NGRN|RPUSD3","rRNA processing in the mitochondrion","17","ENR","RRNA PROCESSING IN THE MITOCHONDRION%REACTOME%R-HSA-8868766.4","-1.952","0.0054",,"0","0","false",
"0","2.886056647693163","2.886056647693163","2.886056647693163","1.0","1","0.5921","0.0451","1.0","CCNK|PHB1|SMARCB1|TMEM41B|CCNT1|FMR1|SMC5|NUCKS1|PIK3C2G|ZDHHC8|SMC6|CHD1|ZFYVE1|EEA1|CFL1|ZC3H12A|EP300|DDX56|EEF1A1|IFI27|TBC1D20|ZNF639|PIK3C3|PPIB|LTF|PRKN|APCS|CTDP1|ZDHHC20|ROCK2|HDAC1|YTHDC2|LEF1|HPN|CDC42|CCL8|CCL5|CCL4|RAB29|CCL3|ZBED1|INPP5K|ZNF502|APOE|PAIP1|JUN|APOBEC3H|CAV2|TAF11|HMGA2|EIF2AK4|RRP1B|POU2F3|IGF2R|SMARCA4|CDK9|REST|SNW1|TFAP4|PC|PSMC3|VAPA|ZDHHC9|SP1|FASN|PI4KA|PTX3|FBXL2|TARDBP|RAB5A","host-mediated perturbation of viral process","70","ENR","HOST-MEDIATED PERTURBATION OF VIRAL PROCESS%GOBP%GO:0044788","1.8174","0.0",,"0","0","false",
"0","2.2291479883578558","-2.2291479883578558","2.2291479883578558","-0.9941","1","-0.6154","0.0418","0.938","PRDM8|CNTNAP1|MYRF|TENM4|CFH|PTEN|CLU|SHH|PTPRZ1|SOX8|TPPP|SOX9|EIF2B1|SOX6|ZNF488|HES5|GPM6B|EIF2B5|ABCA2|EIF2B4|EIF2B3|EIF2B2|MIOS|NSUN5|SOX13|SOX10|SLC8A3|CDK5|PLP1|B4GALT6|B4GALT5","oligodendrocyte differentiation","31","ENR","OLIGODENDROCYTE DIFFERENTIATION%GOBP%GO:0048709","-1.8404","0.0059",,"0","0","false",
"0","2.795880017344075","2.795880017344075","2.795880017344075","0.9984","1","0.6832","0.0339","0.997","BECN1|SEC23A|SAR1B|PIK3R4|B2M|SEC31A|PDIA3|HLA-H|SEC13|SEC24B|SEC24A|ERAP2|HSPA5|ERAP1|TAP2|HLA-B|TAP1|HLA-C|HLA-A|HLA-F|ATG14|HLA-G|TAPBP|HLA-E|CANX|PIK3C3|CALR|SEC24D|SEC24C","Antigen Presentation: Folding, assembly and peptide loading of class I MHC","29","ENR","ANTIGEN PRESENTATION: FOLDING, ASSEMBLY AND PEPTIDE LOADING OF CLASS I MHC%REACTOME%R-HSA-983170.5","1.8559","0.0016",,"0","0","false",
"0","2.886056647693163","2.886056647693163","2.886056647693163","1.0","1","0.782","0.0412","1.0","SUZ12|MORC3|ELL|EED|SETX|BCLAF1|AEBP2|RBBP4|THRAP3|STK38|TRIM35|RBBP7|JARID2|EZH1|EZH2","Interactome of polycomb repressive complex 2 PRC2","15","ENR","INTERACTOME OF POLYCOMB REPRESSIVE COMPLEX 2 PRC2 %WIKIPATHWAYS_20250810%WP2916%HOMO SAPIENS","1.8311","0.0",,"0","0","false",
"0","2.5528419686577806","2.5528419686577806","2.5528419686577806","0.9972","1","0.6253","0.0183","0.931","TFRC|CITED2|EPO|ITGB2|SERPINE1|SLC2A1|BHLHE41|RORA|ADM|ENO1|ETS1|HK2|HK1|HNF4A|EP300|AKT1|CA9|PGM1|IGFBP1|NCOA1|NCOA2|EDN1|ARNT|FOS|PKM|CREB1|TFF3|PLIN2|ALDOA|ENG|ABCG2|PFKFB3|ABCB1|FECH|CXCR4|FURIN|GATA2|HIF1A|NDRG1|HDAC7|NT5E|LDHA|TERT|PGK1|HMOX1|MCL1|EGLN1|NPM1|SMAD4|JUN|EGLN3|CREBBP|SMAD3|NOS2|BNIP3|CP|GCK|VEGFA|PFKL|TF|COPS5|CXCL12|SP1|ID2|LEP|BHLHE40","HIF-1-alpha transcription factor network","66","ENR","HIF-1-ALPHA TRANSCRIPTION FACTOR NETWORK%PATHWAY INTERACTION DATABASE NCI-NATURE CURATED DATA%HIF-1-ALPHA TRANSCRIPTION FACTOR NETWORK","1.9238","0.0028",,"0","0","false",
"0","2.886056647693163","2.886056647693163","2.886056647693163","1.0","1","0.7291","0.0216","0.969","PRKDC|HMGB2|ACVR1B|FOXO3|ETS1|HIF1A|GATA1|RHEX|ANKRD54|NCKAP1L|GLUL|STAT5B|MED1|BRD1|STAT1|PRMT1|STAT3|ARNT|INHBA|MAPK14|ACVR2A|ZNF16|FAM210B|ABCB10|TAL1|HSPA1B|HSPA1A","positive regulation of erythrocyte differentiation","27","ENR","POSITIVE REGULATION OF ERYTHROCYTE DIFFERENTIATION%GOBP%GO:0045648","1.9031","0.0",,"0","0","false",
"0","2.886056647693163","-2.886056647693163","2.886056647693163","-1.0","1","-0.6599","0.0216","0.498","CTDP1|NCBP1|NCBP2|SUPT4H1|SUPT5H|GTF2F1|GTF2F2|POLR2A|POLR2B|POLR2C|POLR2D|POLR2E|POLR2F|NELFB|POLR2G|NELFA|NELFCD|POLR2H|POLR2I|POLR2J|POLR2K|POLR2L|NELFE","Abortive elongation of HIV-1 transcript in the absence of Tat","23","ENR","ABORTIVE ELONGATION OF HIV-1 TRANSCRIPT IN THE ABSENCE OF TAT%REACTOME%R-HSA-167242.4","-1.9495","0.0",,"0","0","false",
"0","2.5528419686577806","2.5528419686577806","2.5528419686577806","0.9972","1","0.5863","0.0467","1.0","ZNF692|DYRK2|IRS1|MTCL2|RORC|PRKAG1|PRKAG2|RORA|IRS2|CTDSPL2|ERFE|PRKAG3|EPM2AIP1|C1QTNF3|AKT2|PDK4|EP300|AKT1|PDK3|MLYCD|PDK2|PDK1|USP7|ACTN3|MST1|ADIPOQ|ZFP92|PHKA1|SIRT6|SIRT7|SIRT1|DDB1|KAT2A|SELENOS|SDHAF3|C1QTNF12|PPP1R3E|DGKQ|PGP|CRY1|SIK1|FBP1|GPLD1|PRKN|SLC45A3|NNMT|PTH|FOXK2|FOXK1|ADIPOR1|ARPP19|FOXO1|INS|PHKG2|PMAIP1|PPARGC1A|INSR|IGF2|NR0B1|SORBS1|IGF1|GCK|GNMT|CLK2|BCKDK|GNB3|OGT|PTPN2","regulation of glucose metabolic process","68","ENR","REGULATION OF GLUCOSE METABOLIC PROCESS%GOBP%GO:0010906","1.8107","0.0028",,"0","0","false",
"0","2.886056647693163","2.886056647693163","2.886056647693163","1.0","1","0.5957","0.0121","0.764","EIF4A2|ERO1A|EIF4A1|POP4|EIF4A3|IFIT1|RRP9|EDC4|RPS14|TATDN2|KHSRP|BANF1|CHAC1|IGFBP1|TSPYL2|HEL-S-61|IMP3|SLC30A5|DDX10|PDIA5|HEL-S-89N|ERN1|DKC1|MTHFD2|DDIT4|NHP2|PREB|KDELR3|ATP6V0D1|TARS1|ATF3|ATF4|SHC1|NOLC1|SLC1A4|BAG3|STC2|EIF4EBP1|SSR1|SEC31A|XBP1|FUS|WFS1|EDEM1|LSM1|ASNS|EEF2|LSM4|EIF2S1|CNOT4|CNOT6|CNOT2|SRPRA|SRPRB|NABP1|HYOU1|IARS|ALDH18A1|DCP1A|EIF4G1|H2AX|FKBP14|CKS1B|SERP1|WIPI1|YWHAZ|DNAJC3|SLC7A5|TUBB2A|SKIC3|DCP2|SKIV2L2|EXOC2|CEBPB|DCTN1|GOSR2|CEBPG|CXXC1|SDAD1|EXOSC5|EXOSC4|EXOSC10|CCL2|DNAJB9|SEC11A|EIF4E|EXOSC1|PAIP1|NOP56|NPM1|NFYA|NFYB|HEL-S-99N|VEGFA|HEL-S-125M|SPCS3|SPCS1|XPOT|PSAT1|DNAJA4","HALLMARK_UNFOLDED_PROTEIN_RESPONSE","100","ENR","HALLMARK_UNFOLDED_PROTEIN_RESPONSE%MSIGDBHALLMARK%HALLMARK_UNFOLDED_PROTEIN_RESPONSE","1.9644","0.0",,"0","0","false",
"0","2.886056647693163","2.886056647693163","2.886056647693163","1.0","1","0.7529","0.0144","0.857","CXCL8|GUCY1B1|TMPRSS2|KEAP1|SLC7A11|TNF|RELA|IKBKB|RXRA|PRKG2|CCL2|HMOX1|IL12A|IKBKG|NQO1|GUCY1A2|CHUK|MMP3|NFKB1|NFKBIA|ACE2|IL6|GCLC|IRF3|IL1B|GCLM|NFE2L2","Antiviral and anti inflammatory effects of Nrf2 on SARS CoV 2 pathway","27","ENR","ANTIVIRAL AND ANTI INFLAMMATORY EFFECTS OF NRF2 ON SARS COV 2 PATHWAY%WIKIPATHWAYS_20250810%WP5113%HOMO SAPIENS","1.9448","0.0",,"0","0","false",
"0","2.886056647693163","2.886056647693163","2.886056647693163","1.0","1","0.721","2.0E-4","0.002","SRP19|B4GALT1|STEAP4|NGLY1|PTPN21|DBI|CDC14B|AKAP12|RPS6KA3|CCND3|HERC3|CCND1|ZMIZ1|PGM3|ITGAV|B2M|SMP1|FADS1|NKX3-1|TPD52|HMGCS1|ELOVL5|ACTN1|SORD|ARID5B|ACSL3|PIAS1|HEL-75|ALDH1A3|INPP4B|MAF|MAK|SELENOP|SMS|TMEPAI|SGK1|PLPP1|FKBP5|IDI1|SLC26A2|HPGD|INSIG1|ABHD2|GNAI3|STK39|TMPRSS2|KLK3|HMGCR|TARP|MYL12A|CAMKK2|UBE2J1|LMAN1|ANKH|PTK2B|DNAJB9|SPDEF|RAB4A|UBE2I|HOMER2|XRCC5|ADRM1|DHCR24|PA2G4|MERTK|H1-0|SPCS3|KRT19|CDK6|APPBP2|VAPA|SCD|CENPN|GPD1L","HALLMARK_ANDROGEN_RESPONSE","74","ENR","HALLMARK_ANDROGEN_RESPONSE%MSIGDBHALLMARK%HALLMARK_ANDROGEN_RESPONSE","2.2504","0.0",,"0","0","false",
"0","2.886056647693163","2.886056647693163","2.886056647693163","1.0","1","0.8078","0.0141","0.831","PPP1R15A|XBP1|EDEM1|UBE2E1|ASNS|HEL-S-99N|BBC3|HEL-S-89N|HEL-S-125M|ERN1|DNAJC3|BCL2L11|SULT1E1|NARS1|DDIT3|DNAJB11|DNAJB9|ERP27|TRIB3|ATF3|NFE2L2|ATF4|EIF2A","Photodynamic therapy induced unfolded protein response","23","ENR","PHOTODYNAMIC THERAPY INDUCED UNFOLDED PROTEIN RESPONSE%WIKIPATHWAYS_20250810%WP3613%HOMO SAPIENS","1.949","0.0",,"0","0","false",
"0","2.886056647693163","2.886056647693163","2.886056647693163","1.0","1","0.6267","7.0E-4","0.016","CD83|CSF2|CSF1|CD80|TNC|RNF19B|TNF|ETS2|IFIT2|ZFP36|CCND1|MYC|ZC3H12A|NAMPT|CCRL2|SLC16A6|IL12B|MAP3K8|DENND5A|PHLDA2|CCNL1|IER5|JUNB|PHLDA1|IER2|ICOSLG|MAP2K3|IL15RA|TNLG5A|TAP1|GEM|IL23A|NINJ1|SIK1|TRIB1|PLPP3|IL6ST|SQSTM1|ATF3|SDC4|BHLHB2|FUT4|SOCS3|SNN|MSC|MCL1|ABCA1|EGR1|JUN|EGR2|GADD45B|GADD45A|TIPARP|PLK2|TNFRSF9|LIF|INHBA|NFKB1|NFKB2|FOSL2|EHD1|NFKBIA|FOSL1|EFNA1|PTPRE|RCAN1|YRDC|BMP2|CXCL11|IL6|NR4A3|BCL6|GPR183|ID2|MAFF|REL|MXD1|NFKBIE|IL7R|RIGI|NFE2L2|BTG3|CXCL6|BTG2|CDKN1A|BTG1|B4GALT1|TNFAIP6|PLEK|TNFAIP2|TNFAIP3|SLC2A3|CXCL1|CXCL3|CXCL2|SLC2A6|LITAF|AREG|CYR61|IFIH1|PANX1|KYNU|PDE4B|OLR1|KDM6B|KLF10|TGIF1|DUSP4|DUSP5|DUSP2|EDN1|SERPINB2|RIPK2|SPHK1|IFNGR2|IL18|PLAUR|FOS|TRAF1|F3|SERPINB8|RHOB|IL1A|TUBB2A|IL1B|IRF1|TMEPAI|SGK1|FJX1|BIRC2|CD44|HBEGF|BIRC3|B4GALT5|PPP1R15A|PTGER4|NFAT5|CEBPB|BCL2A1|CEBPD|PTGS2|TANK|SUI1|RELA|RELB|DRAM1|NFIL3|CCL5|DNAJB4|CCL4|CCL2|HES1|LDLR|LAMB3|CCL20|G0S2|ATP2B1|KLF4|PNRC1|KLF2|VEGFA|PER1|MARCKS|KLF6|SPSB1|TNIP2|CLCF1|KLF9|TRIP10|ACKR3|F2RL1|FOSB|PTX3|CD69","HALLMARK_TNFA_SIGNALING_VIA_NFKB","174","ENR","HALLMARK_TNFA_SIGNALING_VIA_NFKB%MSIGDBHALLMARK%HALLMARK_TNFA_SIGNALING_VIA_NFKB","2.1787","0.0",,"0","0","false",
"0","2.0969100130080562","2.0969100130080562","2.0969100130080562","0.992","1","0.7577","0.024","0.982","GRAMD1C|GRAMD1B|GRAMD1A|INSIG2|INSIG1|RORC|MLC1|RORA|CYP7A1|LRP6|PMVK|CCL3|CCR5|GPR155|SMAD2|ABCA2|OSBPL7|TGFB1|PTCH1|TGFBR1|TGFBR2|DYNAP|SMO|GPLD1|CES1","response to sterol","25","ENR","RESPONSE TO STEROL%GOBP%GO:0036314","1.8925","0.008",,"0","0","false",
"0","2.795880017344075","2.795880017344075","2.795880017344075","0.9984","1","0.7176","0.0362","0.999","HSPB6|HSPB2|HSPB1|HSPA14|HSPA13|HSPD1|DNAJB2|SDF2|HSPA9|HSPA8|HSP90AA1|SDF2L1|HSPA1L|HSPA5|HSPA7|HSPA6|HSPA2|FKBP1A|DNAJA1|FKBP1B|DNAJA2|CRYAA|CRYAB|HSPA1B|HSPA1A","protein refolding","25","ENR","PROTEIN REFOLDING%GOBP%GO:0042026","1.8449","0.0016",,"0","0","false",
